row,b1,b2,b3,c1,c2,c3,c4,d1,d2,h1,h2,e1,asrs1,asrs2,asrs3,asrs4,asrs5,asrs6,a1,a2,a3,a4,g1,g2,g3,g4,language,questionnaire_version,bot_check,active_time_s,preset,focus_sound_ever,time_signal_ever,adhd_status,autism_status,anxiety_status,group,telephone_anxiety_broad,telephone_anxiety_strict,call_avoidance,asrs_total,asrs_screen_positive,asrs_screen_positive_2024
1,4,4,10,2,3,0,1,2,3,4,3,3,3,3,4,2,4,2,0,3,2,0,1,0,0,0,fi,stage-a-v1,passed,105,long,0,0,diagnosed,suspected,diagnosed,ADHD diagnosed / autism suspected,1,1,1,18,1,1
2,3,3,8,1,2,0,2,3,2,3,2,4,1,1,2,2,3,2,3,4,2,3,1,0,0,0,fi,stage-a-v1,passed,174,short,1,1,no,suspected,no,ADHD no / autism suspected,1,1,1,11,0,0
3,3,3,9,2,2,0,3,3,3,2,3,4,2,2,4,3,4,4,2,4,2,3,2,0,0,0,fi,stage-a-v1,passed,131,short,1,0,suspected,suspected,no,ADHD suspected / autism suspected,1,1,1,19,1,1
4,2,2,5,3,3,0,2,3,0,2,3,4,3,4,3,3,4,4,1,4,3,3,1,1,0,0,fi,stage-a-v1,passed,147,long,0,0,suspected,no,no,ADHD suspected / autism no,0,0,1,21,1,1
5,3,4,9,3,3,0,0,3,1,4,4,4,4,4,1,3,1,3,0,2,2,2,2,0,0,0,fi,stage-a-v1,passed,121,custom,1,1,diagnosed,suspected,suspected,ADHD diagnosed / autism suspected,1,1,1,16,1,1
6,2,3,7,3,3,0,0,3,1,3,2,4,1,2,0,2,1,1,3,4,3,3,4,0,0,0,fi,stage-a-v1,passed,149,short,1,0,no,no,no,ADHD no / autism no,1,0,1,7,0,0
7,3,2,4,1,2,0,1,2,2,2,2,3,1,2,1,2,1,1,3,4,3,0,1,1,0,0,fi,stage-a-v1,passed,207,short,0,0,no,no,diagnosed,ADHD no / autism no,1,0,1,8,0,0
8,3,3,9,2,2,0,1,3,3,4,3,3,3,3,2,4,4,3,0,2,0,0,1,0,0,0,fi,stage-a-v1,passed,129,custom,1,1,diagnosed,diagnosed,diagnosed,ADHD diagnosed / autism diagnosed,1,1,1,19,1,1
9,3,4,9,2,3,0,1,2,3,4,3,4,4,4,3,4,4,4,0,1,2,0,,,0,0,,stage-a-v1,passed,161,long,0,0,diagnosed,suspected,diagnosed,ADHD diagnosed / autism suspected,1,1,1,23,1,1
10,4,4,8,3,3,0,0,3,1,4,4,4,3,1,2,2,2,4,2,4,2,2,1,1,0,0,fi,stage-a-v1,passed,169,short,0,0,suspected,suspected,suspected,ADHD suspected / autism suspected,1,1,1,14,0,1
11,4,4,10,4,4,0,0,0,0,4,4,4,2,1,0,2,2,1,3,4,2,0,2,0,0,0,fi,stage-a-v1,passed,343,short,1,1,no,suspected,diagnosed,ADHD no / autism suspected,1,1,1,8,0,0
12,1,1,2,0,1,1,1,0,2,0,0,2,0,0,2,0,0,0,3,4,3,3,3,1,0,0,fi,stage-a-v1,passed,182,custom,1,0,no,no,no,ADHD no / autism no,0,0,0,2,0,0
13,4,2,6,1,3,0,1,3,2,3,0,3,3,2,3,4,4,3,2,4,0,0,1,1,0,0,fi,stage-a-v1,passed,153,long,1,1,suspected,diagnosed,diagnosed,ADHD suspected / autism diagnosed,1,0,1,19,1,1
14,4,4,8,3,3,0,1,2,3,3,1,3,3,3,4,4,4,4,0,2,0,3,2,0,0,0,fi,stage-a-v1,passed,217,short,1,0,diagnosed,diagnosed,no,ADHD diagnosed / autism diagnosed,1,1,1,22,1,1
15,1,1,2,0,1,0,2,2,0,0,0,2,3,2,1,3,1,1,3,4,3,3,3,1,0,0,fi,stage-a-v1,passed,178,short,1,1,no,no,no,ADHD no / autism no,0,0,1,11,0,0
16,2,2,6,1,0,0,1,2,2,2,2,4,2,2,1,2,3,2,2,4,2,2,2,0,0,0,fi,stage-a-v1,passed,139,short,1,0,suspected,suspected,suspected,ADHD suspected / autism suspected,0,0,1,12,0,0
17,3,3,5,2,3,0,2,2,2,2,2,2,4,2,2,3,2,2,0,3,2,0,1,1,0,0,fi,stage-a-v1,passed,306,short,0,0,diagnosed,suspected,diagnosed,ADHD diagnosed / autism suspected,1,1,1,15,1,1
18,4,4,9,4,4,0,0,2,3,4,3,4,2,2,1,3,3,1,3,4,0,0,,,0,0,fi,stage-a-v1,passed,179,short,1,0,no,diagnosed,diagnosed,ADHD no / autism diagnosed,1,1,1,12,1,0
19,4,4,8,0,4,0,4,2,0,4,4,4,3,2,0,3,2,2,2,4,0,3,1,0,0,0,fi,stage-a-v1,passed,153,custom,0,0,suspected,diagnosed,no,ADHD suspected / autism diagnosed,1,1,1,12,0,0
20,0,0,0,1,0,1,3,4,1,1,0,0,3,4,2,3,4,4,0,3,3,0,2,0,0,0,fi,stage-a-v1,passed,182,long,1,0,diagnosed,no,diagnosed,ADHD diagnosed / autism no,0,0,0,20,1,1
21,3,3,7,2,3,0,1,2,3,4,3,4,3,2,2,3,4,3,2,4,0,2,,,0,0,fi,stage-a-v1,passed,111,short,1,0,suspected,diagnosed,suspected,ADHD suspected / autism diagnosed,1,1,1,17,1,1
22,1,1,3,1,2,0,1,3,2,0,0,2,1,2,3,2,0,0,3,4,3,3,4,0,0,0,fi,stage-a-v1,passed,185,short,1,0,no,no,no,ADHD no / autism no,0,0,1,8,0,0
23,1,2,1,0,1,1,3,4,1,1,1,2,2,2,2,3,4,4,2,3,2,3,2,0,0,0,fi,stage-a-v1,passed,217,custom,1,0,suspected,suspected,no,ADHD suspected / autism suspected,0,0,0,17,1,1
24,4,3,8,2,1,0,0,4,3,4,4,4,3,1,2,2,2,1,3,4,0,0,0,0,0,0,fi,stage-a-v1,passed,127,short,0,0,no,diagnosed,diagnosed,ADHD no / autism diagnosed,1,1,1,11,0,0
25,2,4,7,2,3,1,3,4,4,2,2,3,4,2,4,4,4,3,2,4,0,0,,,0,0,fi,stage-a-v1,passed,136,short,1,0,suspected,diagnosed,diagnosed,ADHD suspected / autism diagnosed,1,0,1,21,1,1
26,4,4,8,3,3,0,0,4,4,4,4,4,4,1,4,4,4,4,0,3,0,0,1,0,0,0,fi,stage-a-v1,passed,186,custom,0,0,diagnosed,diagnosed,diagnosed,ADHD diagnosed / autism diagnosed,1,1,1,21,1,1
27,3,2,7,1,1,1,0,2,2,4,1,4,2,1,1,1,4,2,2,4,2,0,3,0,0,0,fi,stage-a-v1,passed,164,short,1,0,suspected,suspected,diagnosed,ADHD suspected / autism suspected,1,0,0,11,0,0
28,4,3,8,3,3,0,1,3,3,4,3,4,3,2,1,3,2,1,3,4,2,0,1,1,0,0,fi,stage-a-v1,passed,167,short,1,0,no,suspected,diagnosed,ADHD no / autism suspected,1,1,1,12,0,0
29,3,4,6,1,2,0,1,3,2,4,2,3,3,2,2,4,4,3,0,0,2,0,1,,0,0,fi,stage-a-v1,passed,193,long,1,1,diagnosed,suspected,diagnosed,ADHD diagnosed / autism suspected,1,1,1,18,1,1
30,4,4,8,0,2,0,3,3,3,4,1,4,2,1,1,3,2,1,2,4,2,2,4,0,0,0,fi,stage-a-v1,passed,163,short,0,0,suspected,suspected,suspected,ADHD suspected / autism suspected,1,1,1,10,0,0
31,2,3,9,3,2,0,1,2,1,2,2,4,3,2,2,2,1,1,2,3,2,2,2,0,0,0,fi,stage-a-v1,passed,208,short,1,1,suspected,suspected,suspected,ADHD suspected / autism suspected,1,0,1,11,0,0
32,3,3,9,3,3,0,0,3,3,3,3,3,4,4,2,4,4,4,2,4,2,0,,,0,0,,stage-a-v1,passed,164,custom,1,0,suspected,suspected,diagnosed,ADHD suspected / autism suspected,1,1,1,22,1,1
33,0,2,2,0,0,1,4,2,2,0,0,3,0,0,0,2,2,0,3,4,3,0,4,0,0,0,fi,stage-a-v1,passed,165,short,1,0,no,no,diagnosed,ADHD no / autism no,0,0,0,4,0,0
34,4,4,10,3,3,0,0,3,4,4,4,4,3,3,4,4,1,3,0,0,0,0,0,0,0,0,fi,stage-a-v1,passed,77,short,1,0,diagnosed,diagnosed,diagnosed,ADHD diagnosed / autism diagnosed,1,1,1,18,1,1
35,2,2,7,1,1,1,2,1,1,2,1,3,1,2,1,2,1,1,3,4,3,3,3,0,0,0,fi,stage-a-v1,passed,141,short,1,0,no,no,no,ADHD no / autism no,1,0,0,8,0,0
36,1,2,5,0,0,0,4,1,1,2,0,3,2,2,2,4,4,0,3,4,2,2,2,0,0,0,fi,stage-a-v1,passed,460,custom,0,0,no,suspected,suspected,ADHD no / autism suspected,0,0,1,14,1,1
37,1,1,1,0,0,1,1,1,1,1,0,1,1,1,1,2,1,1,3,4,3,3,,,,0,,stage-a-v1,passed,101,custom,0,0,no,no,no,ADHD no / autism no,0,0,0,7,0,0
38,3,4,9,1,2,0,0,3,0,2,1,4,3,2,2,2,3,2,2,4,2,2,1,1,0,0,fi,stage-a-v1,passed,114,short,1,0,suspected,suspected,suspected,ADHD suspected / autism suspected,1,1,1,14,1,1
39,2,3,6,2,3,0,1,1,0,2,1,4,3,2,1,2,3,1,2,4,3,3,2,1,0,0,fi,stage-a-v1,passed,142,short,1,1,suspected,no,no,ADHD suspected / autism no,1,0,1,12,0,0
40,4,4,8,4,4,0,0,0,0,4,4,4,0,3,0,2,4,4,0,1,0,0,,,0,0,,stage-a-v1,passed,105,long,0,0,diagnosed,diagnosed,diagnosed,ADHD diagnosed / autism diagnosed,1,1,1,13,0,0
41,0,0,0,0,0,1,3,1,1,0,0,2,0,1,0,0,0,0,3,4,3,3,3,1,0,0,fi,stage-a-v1,passed,195,short,1,0,no,no,no,ADHD no / autism no,0,0,0,1,0,0
42,2,2,5,0,2,0,0,3,4,2,3,3,3,2,1,3,4,4,2,3,2,3,2,0,0,0,fi,stage-a-v1,passed,196,short,1,1,suspected,suspected,no,ADHD suspected / autism suspected,0,0,1,17,1,1
43,4,4,10,3,4,0,0,3,3,3,3,4,3,2,2,3,4,4,0,2,0,0,3,0,0,0,fi,stage-a-v1,passed,109,custom,1,0,diagnosed,diagnosed,diagnosed,ADHD diagnosed / autism diagnosed,1,1,1,18,1,1
44,2,1,3,1,1,0,0,3,0,1,1,1,2,2,0,2,3,2,3,4,3,3,,1,0,0,fi,stage-a-v1,passed,166,short,1,1,no,no,no,ADHD no / autism no,0,0,1,11,0,0
45,4,4,6,3,1,0,0,1,3,4,2,3,2,1,0,4,2,3,3,4,0,0,2,0,0,0,fi,stage-a-v1,passed,287,long,0,0,no,diagnosed,diagnosed,ADHD no / autism diagnosed,1,1,1,12,0,0
46,3,4,9,1,0,1,0,0,4,4,4,4,3,0,3,1,4,1,3,3,2,2,2,0,0,0,fi,stage-a-v1,passed,136,short,1,0,no,suspected,suspected,ADHD no / autism suspected,1,1,0,12,0,0
47,2,3,8,2,2,0,3,3,2,3,2,2,3,2,2,3,4,4,0,0,3,3,2,0,0,0,fi,stage-a-v1,passed,125,short,1,0,diagnosed,no,no,ADHD diagnosed / autism no,1,0,1,18,1,1
48,4,4,8,1,2,0,3,2,3,4,2,4,4,3,3,4,4,3,0,0,0,0,1,0,0,0,fi,stage-a-v1,passed,206,custom,1,0,diagnosed,diagnosed,diagnosed,ADHD diagnosed / autism diagnosed,1,1,1,21,1,1
49,1,1,1,1,1,1,3,2,2,2,1,1,2,1,2,2,4,2,0,2,2,0,2,0,0,0,fi,stage-a-v1,passed,155,short,1,1,diagnosed,suspected,diagnosed,ADHD diagnosed / autism suspected,0,0,0,13,0,0
50,4,4,4,3,3,0,0,2,2,4,1,4,3,3,2,3,4,3,2,4,2,0,2,1,0,0,fi,stage-a-v1,passed,259,short,1,1,suspected,suspected,diagnosed,ADHD suspected / autism suspected,1,1,1,18,1,1
51,2,3,5,2,3,0,0,3,2,2,1,2,4,2,3,4,4,3,1,3,1,2,2,0,0,0,fi,stage-a-v1,passed,162,long,1,0,suspected,suspected,suspected,ADHD suspected / autism suspected,1,0,1,20,1,1
52,3,1,6,1,1,1,2,2,1,2,2,3,2,2,1,2,1,1,2,4,3,2,3,1,0,0,fi,stage-a-v1,passed,279,short,1,1,suspected,no,suspected,ADHD suspected / autism no,1,0,0,9,0,0
53,3,3,8,3,3,0,1,2,4,3,3,3,4,4,3,4,3,4,0,0,2,3,3,0,0,0,fi,stage-a-v1,passed,138,short,0,0,diagnosed,suspected,no,ADHD diagnosed / autism suspected,1,1,1,22,1,1
54,4,2,8,3,2,0,3,2,1,3,2,4,2,2,2,4,4,4,0,3,2,2,2,0,0,0,fi,stage-a-v1,passed,128,short,0,0,diagnosed,suspected,suspected,ADHD diagnosed / autism suspected,1,0,1,18,1,1
55,3,4,9,3,3,0,1,3,2,4,4,3,3,4,3,4,4,4,1,4,0,0,2,0,0,0,fi,stage-a-v1,passed,120,long,1,0,suspected,diagnosed,diagnosed,ADHD suspected / autism diagnosed,1,1,1,22,1,1
56,3,4,8,2,3,0,1,3,2,3,2,4,1,1,2,2,2,1,3,4,2,3,3,0,0,0,fi,stage-a-v1,passed,162,short,1,0,no,suspected,no,ADHD no / autism suspected,1,1,1,9,0,0
57,4,4,8,2,2,0,0,2,2,4,3,4,3,0,0,4,4,3,3,4,2,3,1,0,0,0,fi,stage-a-v1,passed,337,long,1,1,no,suspected,no,ADHD no / autism suspected,1,1,1,14,1,1
58,1,3,2,1,2,1,2,2,3,1,1,3,0,1,2,4,3,2,3,4,3,3,2,1,0,0,fi,stage-a-v1,passed,160,custom,1,0,no,no,no,ADHD no / autism no,1,0,0,12,0,0
59,4,4,8,0,2,0,0,4,3,4,3,4,3,3,2,3,3,2,0,0,0,0,1,0,0,0,fi,stage-a-v1,passed,180,long,1,1,diagnosed,diagnosed,diagnosed,ADHD diagnosed / autism diagnosed,1,1,1,16,1,1
60,4,3,8,3,3,0,2,2,2,3,2,4,4,4,4,4,4,2,0,0,3,0,1,0,0,0,fi,stage-a-v1,passed,127,short,1,1,diagnosed,no,diagnosed,ADHD diagnosed / autism no,1,1,1,22,1,1
61,1,1,2,2,1,1,3,3,2,1,1,0,1,2,1,2,2,2,3,4,3,3,1,1,0,0,fi,stage-a-v1,passed,206,custom,0,0,no,no,no,ADHD no / autism no,0,0,0,10,0,0
62,2,3,7,2,2,0,3,2,3,2,1,4,4,4,4,4,4,4,2,2,3,2,3,0,0,0,fi,stage-a-v1,passed,149,short,0,0,suspected,no,suspected,ADHD suspected / autism no,1,0,1,24,1,1
63,2,3,8,0,1,0,3,0,2,1,2,4,3,4,3,4,4,4,0,3,2,2,3,0,0,0,fi,stage-a-v1,passed,189,short,1,1,diagnosed,suspected,suspected,ADHD diagnosed / autism suspected,1,0,1,22,1,1
64,3,3,8,3,2,0,1,3,1,1,3,3,4,4,4,4,4,4,0,2,3,3,2,1,0,0,fi,stage-a-v1,passed,162,short,1,0,diagnosed,no,no,ADHD diagnosed / autism no,1,1,1,24,1,1
65,3,3,7,3,3,0,1,3,3,3,3,4,3,1,3,1,4,3,0,1,1,0,2,0,0,0,fi,stage-a-v1,passed,164,custom,1,0,diagnosed,suspected,diagnosed,ADHD diagnosed / autism suspected,1,1,1,15,1,1
66,3,3,7,2,3,0,4,0,2,3,0,2,4,4,3,4,4,4,0,3,0,3,2,,0,0,fi,stage-a-v1,passed,148,short,1,1,diagnosed,diagnosed,no,ADHD diagnosed / autism diagnosed,1,1,1,23,1,1
67,4,4,8,2,4,0,1,3,3,4,2,3,2,2,1,2,3,1,3,4,3,2,1,,0,0,fi,stage-a-v1,passed,112,short,1,0,no,no,suspected,ADHD no / autism no,1,1,1,11,0,0
68,4,3,8,2,2,0,1,2,2,4,2,4,3,2,2,2,1,1,2,4,2,0,1,0,0,0,fi,stage-a-v1,passed,213,short,1,1,suspected,suspected,diagnosed,ADHD suspected / autism suspected,1,1,1,11,0,0
69,4,4,9,3,4,0,1,1,1,4,1,4,3,2,3,3,4,3,2,4,2,0,1,0,0,0,fi,stage-a-v1,passed,168,custom,1,1,suspected,suspected,diagnosed,ADHD suspected / autism suspected,1,1,1,18,1,1
70,2,2,4,2,2,0,0,0,0,2,0,3,4,2,0,3,4,3,3,4,3,3,2,0,0,0,fi,stage-a-v1,passed,83,long,1,0,no,no,no,ADHD no / autism no,0,0,1,16,1,1
71,4,3,7,2,1,0,0,2,2,3,1,3,2,1,0,1,0,0,3,4,3,3,,,0,0,,stage-a-v1,passed,305,short,1,0,no,no,no,ADHD no / autism no,1,1,1,4,0,0
72,2,2,5,2,2,0,1,3,3,1,1,3,2,3,2,2,3,2,2,0,2,2,3,0,0,0,fi,stage-a-v1,passed,219,long,0,0,suspected,suspected,suspected,ADHD suspected / autism suspected,0,0,1,14,1,1
73,4,4,10,3,3,0,1,2,3,4,3,4,4,3,3,4,4,4,0,2,2,0,1,0,0,0,fi,stage-a-v1,passed,136,short,0,0,diagnosed,suspected,diagnosed,ADHD diagnosed / autism suspected,1,1,1,22,1,1
74,4,4,9,2,3,0,1,2,3,4,4,4,4,2,2,3,3,3,1,0,1,2,1,,0,0,fi,stage-a-v1,passed,101,short,1,1,suspected,suspected,suspected,ADHD suspected / autism suspected,1,1,1,17,1,1
75,0,0,0,0,0,1,3,1,1,0,0,1,3,3,3,2,1,3,2,3,3,2,3,1,0,0,fi,stage-a-v1,passed,117,short,0,0,suspected,no,suspected,ADHD suspected / autism no,0,0,0,15,1,1
76,4,3,9,2,3,0,2,4,3,3,2,4,4,4,3,4,3,2,0,0,2,0,1,0,0,0,fi,stage-a-v1,passed,142,custom,1,0,diagnosed,suspected,diagnosed,ADHD diagnosed / autism suspected,1,1,1,20,1,1
77,0,0,0,0,0,1,4,1,1,0,0,1,1,1,2,2,2,2,2,4,3,3,,,0,0,,stage-a-v1,passed,188,short,0,0,suspected,no,no,ADHD suspected / autism no,0,0,0,10,0,0
78,1,1,2,0,1,1,2,3,2,2,1,3,2,1,2,4,4,0,3,4,0,0,,,0,0,,stage-a-v1,passed,179,long,1,1,no,diagnosed,diagnosed,ADHD no / autism diagnosed,0,0,0,13,1,0
79,4,3,8,3,3,0,4,3,4,2,2,4,4,3,2,3,4,3,0,0,2,2,2,,0,0,fi,stage-a-v1,passed,190,long,1,0,diagnosed,suspected,suspected,ADHD diagnosed / autism suspected,1,1,1,19,1,1
80,2,3,7,2,3,0,0,3,4,3,2,4,4,3,4,4,4,3,0,2,2,3,1,0,0,0,fi,stage-a-v1,passed,178,short,0,0,diagnosed,suspected,no,ADHD diagnosed / autism suspected,1,0,1,22,1,1
81,1,3,8,0,2,0,4,1,1,2,0,4,2,1,0,1,1,0,2,4,2,2,3,0,0,0,fi,stage-a-v1,passed,161,short,0,0,suspected,suspected,suspected,ADHD suspected / autism suspected,1,0,1,5,0,0
82,3,3,6,1,3,0,1,4,4,4,4,2,4,4,4,4,4,4,2,2,2,0,2,0,0,0,fi,stage-a-v1,passed,262,long,1,0,suspected,suspected,diagnosed,ADHD suspected / autism suspected,1,1,1,24,1,1
83,3,3,8,2,2,0,3,2,3,3,2,3,2,3,3,4,3,2,1,3,2,2,3,0,0,0,fi,stage-a-v1,passed,195,long,0,0,suspected,suspected,suspected,ADHD suspected / autism suspected,1,1,1,17,1,1
84,3,3,8,2,2,0,1,3,2,3,3,3,3,3,2,4,3,3,2,4,2,0,3,0,0,0,fi,stage-a-v1,passed,219,long,1,0,suspected,suspected,diagnosed,ADHD suspected / autism suspected,1,1,1,18,1,1
85,1,2,1,2,1,0,0,3,1,1,0,0,2,1,0,1,3,3,0,2,2,2,2,,0,0,fi,stage-a-v1,passed,109,custom,1,0,diagnosed,suspected,suspected,ADHD diagnosed / autism suspected,0,0,1,10,0,0
86,3,2,6,2,1,0,0,2,1,3,1,4,4,4,4,4,4,4,0,2,0,1,3,0,0,0,fi,stage-a-v1,passed,126,short,1,1,diagnosed,diagnosed,suspected,ADHD diagnosed / autism diagnosed,1,0,1,24,1,1
87,2,3,8,2,3,0,2,2,3,1,1,3,2,2,3,3,4,4,3,4,2,2,2,0,0,0,fi,stage-a-v1,passed,170,long,0,0,no,suspected,suspected,ADHD no / autism suspected,1,0,1,18,1,1
88,3,3,9,1,2,0,1,2,3,4,1,4,3,2,1,2,3,3,2,3,2,0,1,0,0,0,fi,stage-a-v1,passed,144,short,1,1,suspected,suspected,diagnosed,ADHD suspected / autism suspected,1,1,1,14,1,1
89,3,3,9,3,3,0,0,2,3,3,3,4,3,2,2,3,2,2,2,4,2,2,2,0,0,0,fi,stage-a-v1,passed,132,short,1,1,suspected,suspected,suspected,ADHD suspected / autism suspected,1,1,1,14,1,1
90,4,4,8,3,3,0,0,2,2,4,2,4,2,3,3,4,3,2,2,4,2,0,0,0,0,0,fi,stage-a-v1,passed,96,custom,0,0,suspected,suspected,diagnosed,ADHD suspected / autism suspected,1,1,1,17,1,1
91,3,3,9,3,4,0,1,1,4,4,4,4,2,1,0,1,1,2,3,4,2,2,1,0,0,0,fi,stage-a-v1,passed,191,short,1,1,no,suspected,suspected,ADHD no / autism suspected,1,1,1,7,0,0
92,3,3,7,3,4,0,2,3,2,3,3,4,3,4,4,4,4,4,0,2,1,0,1,0,0,0,fi,stage-a-v1,passed,138,custom,1,0,diagnosed,suspected,diagnosed,ADHD diagnosed / autism suspected,1,1,1,23,1,1
93,1,1,1,0,0,0,0,0,0,2,0,2,2,2,0,2,0,1,3,4,3,3,2,1,0,0,fi,stage-a-v1,passed,113,short,1,0,no,no,no,ADHD no / autism no,0,0,1,7,0,0
94,0,0,0,0,1,1,0,1,0,1,0,2,4,0,0,1,0,0,3,4,3,3,,,,0,,stage-a-v1,passed,166,short,1,1,no,no,no,ADHD no / autism no,0,0,0,5,0,0
95,4,3,8,3,3,0,0,2,1,4,2,4,3,3,2,3,4,4,2,4,3,2,3,1,0,0,fi,stage-a-v1,passed,172,custom,1,1,suspected,no,suspected,ADHD suspected / autism no,1,1,1,19,1,1
96,3,2,4,3,3,1,3,2,1,2,2,3,3,3,1,2,3,2,2,0,2,3,3,0,0,0,fi,stage-a-v1,passed,216,short,0,0,suspected,suspected,no,ADHD suspected / autism suspected,1,0,1,14,0,1
97,1,2,2,0,0,1,4,0,0,0,0,1,4,4,4,4,2,2,0,0,2,3,2,1,0,0,fi,stage-a-v1,passed,332,long,0,0,diagnosed,suspected,no,ADHD diagnosed / autism suspected,0,0,0,20,1,1
98,2,2,4,2,0,0,3,2,0,2,0,2,2,1,1,1,3,0,2,4,2,3,2,0,0,0,fi,stage-a-v1,passed,248,short,1,1,suspected,suspected,no,ADHD suspected / autism suspected,0,0,1,8,0,0
99,2,3,8,3,2,0,1,2,1,3,2,3,2,3,0,3,4,3,2,4,2,3,3,0,0,0,fi,stage-a-v1,passed,305,long,0,0,suspected,suspected,no,ADHD suspected / autism suspected,1,0,1,15,1,1
100,4,4,9,2,2,0,4,3,3,4,3,4,4,4,4,3,4,4,0,1,0,2,1,1,0,0,fi,stage-a-v1,passed,173,short,1,0,diagnosed,diagnosed,suspected,ADHD diagnosed / autism diagnosed,1,1,1,23,1,1
101,1,1,2,0,1,1,1,3,2,1,1,2,2,2,2,3,2,1,3,4,3,3,,,0,0,fi,stage-a-v1,passed,129,short,0,0,no,no,no,ADHD no / autism no,0,0,0,12,1,0
102,0,1,1,0,1,0,3,1,1,0,0,2,1,1,0,2,1,0,3,4,3,3,2,0,0,0,fi,stage-a-v1,passed,166,short,1,0,no,no,no,ADHD no / autism no,0,0,1,5,0,0
103,3,2,7,1,2,1,1,3,1,3,1,4,3,2,4,2,4,2,0,0,2,3,1,,0,0,fi,stage-a-v1,passed,168,short,1,1,diagnosed,suspected,no,ADHD diagnosed / autism suspected,1,0,0,17,1,1
104,2,3,8,2,3,0,0,2,4,4,2,4,4,3,2,4,2,2,0,0,0,2,2,0,0,0,fi,stage-a-v1,passed,102,short,1,0,diagnosed,diagnosed,suspected,ADHD diagnosed / autism diagnosed,1,0,1,17,1,1
105,4,4,9,3,3,0,2,3,3,3,3,4,3,2,3,3,3,2,2,3,2,2,2,0,0,0,fi,stage-a-v1,passed,139,custom,1,0,suspected,suspected,suspected,ADHD suspected / autism suspected,1,1,1,16,1,1
106,4,4,10,3,3,0,0,3,3,4,4,4,4,2,1,3,4,4,0,0,0,0,3,0,0,0,fi,stage-a-v1,passed,136,custom,1,1,diagnosed,diagnosed,diagnosed,ADHD diagnosed / autism diagnosed,1,1,1,18,1,1
107,1,2,2,0,0,1,3,4,2,1,1,2,4,3,3,4,3,3,2,4,2,3,2,0,0,0,fi,stage-a-v1,passed,248,short,0,0,suspected,suspected,no,ADHD suspected / autism suspected,0,0,0,20,1,1
108,4,4,10,3,3,0,0,3,4,4,4,4,4,3,4,4,4,4,0,2,2,0,2,,0,0,fi,stage-a-v1,passed,295,long,1,1,diagnosed,suspected,diagnosed,ADHD diagnosed / autism suspected,1,1,1,23,1,1
109,3,4,7,2,2,0,0,1,0,3,1,4,3,1,3,4,3,1,3,4,3,3,2,,0,0,fi,stage-a-v1,passed,99,short,1,0,no,no,no,ADHD no / autism no,1,1,1,15,1,1
110,3,3,4,1,2,0,1,2,4,4,4,3,4,4,2,4,3,1,2,4,2,2,2,,0,0,fi,stage-a-v1,passed,127,long,0,0,suspected,suspected,suspected,ADHD suspected / autism suspected,1,1,1,18,1,1
111,3,2,5,2,2,0,0,1,2,2,1,3,2,1,0,2,1,2,3,4,3,2,,,,0,,stage-a-v1,passed,148,short,1,0,no,no,suspected,ADHD no / autism no,1,0,1,8,0,0
112,0,0,0,0,1,1,2,2,1,0,0,2,1,0,0,1,0,0,3,4,3,3,4,0,0,0,fi,stage-a-v1,passed,165,short,1,0,no,no,no,ADHD no / autism no,0,0,0,2,0,0
113,4,4,9,3,3,0,1,2,4,4,4,4,4,3,3,4,4,4,0,3,1,0,1,,0,0,fi,stage-a-v1,passed,185,short,1,1,diagnosed,suspected,diagnosed,ADHD diagnosed / autism suspected,1,1,1,22,1,1
114,1,2,4,0,0,0,4,3,2,1,2,0,3,3,2,2,1,1,3,4,2,2,,,0,0,fi,stage-a-v1,passed,202,short,1,0,no,suspected,suspected,ADHD no / autism suspected,0,0,1,12,0,0
115,3,4,8,1,3,0,2,2,3,3,2,3,3,4,3,4,2,3,1,0,2,0,3,0,0,0,fi,stage-a-v1,passed,190,short,1,0,suspected,suspected,diagnosed,ADHD suspected / autism suspected,1,1,1,19,1,1
116,2,1,2,2,1,1,2,2,2,1,1,2,2,2,2,3,2,1,2,3,3,3,2,0,0,0,fi,stage-a-v1,passed,176,custom,1,1,suspected,no,no,ADHD suspected / autism no,0,0,0,12,1,0
117,2,3,6,1,1,0,1,2,0,2,1,2,2,3,2,3,1,2,3,4,3,3,2,0,0,0,fi,stage-a-v1,passed,147,short,1,0,no,no,no,ADHD no / autism no,1,0,1,13,1,0
118,0,0,0,1,1,1,3,2,1,1,1,1,1,1,1,1,0,2,3,4,3,3,3,0,0,0,fi,stage-a-v1,passed,190,long,0,0,no,no,no,ADHD no / autism no,0,0,0,6,0,0
119,2,3,7,1,1,0,1,1,1,3,3,3,1,1,1,1,2,2,2,4,0,3,3,0,0,0,fi,stage-a-v1,passed,179,short,0,0,suspected,diagnosed,no,ADHD suspected / autism diagnosed,1,0,1,8,0,0
120,2,2,7,3,2,0,2,3,3,3,2,4,4,4,2,4,4,3,0,2,0,3,3,0,0,0,fi,stage-a-v1,passed,270,custom,1,1,diagnosed,diagnosed,no,ADHD diagnosed / autism diagnosed,1,0,1,21,1,1
121,3,2,8,4,3,1,2,2,0,4,2,4,4,3,4,4,2,3,0,2,2,0,2,0,0,0,fi,stage-a-v1,passed,124,short,0,0,diagnosed,suspected,diagnosed,ADHD diagnosed / autism suspected,1,0,1,20,1,1
122,4,4,9,3,4,0,0,1,3,4,4,3,4,4,4,4,2,2,0,2,2,0,2,0,0,0,fi,stage-a-v1,passed,157,long,1,0,diagnosed,suspected,diagnosed,ADHD diagnosed / autism suspected,1,1,1,20,1,1
123,4,3,8,1,2,0,1,3,4,3,2,4,4,3,3,4,3,4,0,0,3,2,1,0,0,0,fi,stage-a-v1,passed,152,short,1,0,diagnosed,no,suspected,ADHD diagnosed / autism no,1,1,1,21,1,1
124,3,3,8,2,3,0,2,2,3,2,2,2,3,3,1,3,4,4,0,2,0,0,3,1,0,0,fi,stage-a-v1,passed,180,short,1,0,diagnosed,diagnosed,diagnosed,ADHD diagnosed / autism diagnosed,1,1,1,18,1,1
125,3,3,8,2,1,0,0,1,2,2,2,4,3,2,2,3,3,1,2,4,2,3,3,0,0,0,fi,stage-a-v1,passed,146,short,1,0,suspected,suspected,no,ADHD suspected / autism suspected,1,1,1,14,1,1
126,4,4,8,3,3,0,0,3,2,3,3,4,3,2,3,4,2,2,0,0,0,0,1,,0,0,fi,stage-a-v1,passed,250,long,0,0,diagnosed,diagnosed,diagnosed,ADHD diagnosed / autism diagnosed,1,1,1,16,1,1
127,1,2,6,1,3,0,0,3,1,1,1,3,3,2,3,3,2,2,2,2,3,2,4,0,0,0,fi,stage-a-v1,passed,194,long,1,0,suspected,no,suspected,ADHD suspected / autism no,0,0,1,15,1,1
128,2,2,3,0,2,0,4,1,1,2,1,3,4,4,4,4,4,3,1,4,2,2,2,1,0,0,fi,stage-a-v1,passed,113,short,1,1,suspected,suspected,suspected,ADHD suspected / autism suspected,0,0,1,23,1,1
129,4,4,8,3,1,0,1,3,3,4,4,4,3,0,3,4,3,2,0,0,0,0,1,0,0,0,fi,stage-a-v1,passed,111,short,0,0,diagnosed,diagnosed,diagnosed,ADHD diagnosed / autism diagnosed,1,1,1,15,1,1
130,4,3,8,0,2,0,2,2,3,4,3,3,4,4,1,4,4,1,0,0,2,2,,,0,0,,stage-a-v1,passed,190,short,1,0,diagnosed,suspected,suspected,ADHD diagnosed / autism suspected,1,1,1,18,1,1
131,2,1,2,0,3,0,3,1,1,2,0,3,3,2,4,2,3,3,1,2,2,3,2,1,0,0,fi,stage-a-v1,passed,171,short,1,0,suspected,suspected,no,ADHD suspected / autism suspected,0,0,1,17,1,1
132,3,3,9,2,3,0,1,2,3,2,1,4,2,3,2,3,3,1,2,0,2,3,3,0,0,0,fi,stage-a-v1,passed,119,short,1,1,suspected,suspected,no,ADHD suspected / autism suspected,1,1,1,14,1,1
133,4,4,10,3,3,0,1,4,3,4,4,4,3,3,3,3,4,3,0,0,0,0,3,1,0,0,fi,stage-a-v1,passed,78,short,1,0,diagnosed,diagnosed,diagnosed,ADHD diagnosed / autism diagnosed,1,1,1,19,1,1
134,3,3,8,3,2,0,0,3,3,3,3,4,2,2,2,3,2,1,3,4,1,2,2,0,0,0,fi,stage-a-v1,passed,204,short,1,0,no,suspected,suspected,ADHD no / autism suspected,1,1,1,12,1,0
135,3,3,10,1,2,0,4,2,3,3,1,4,3,3,1,4,3,3,2,4,3,2,4,0,0,0,fi,stage-a-v1,passed,150,custom,1,0,suspected,no,suspected,ADHD suspected / autism no,1,1,1,17,1,1
136,2,3,6,2,3,0,3,1,1,3,3,2,3,3,2,2,3,2,2,4,3,3,2,0,0,0,fi,stage-a-v1,passed,123,short,1,0,suspected,no,no,ADHD suspected / autism no,1,0,1,15,1,1
137,4,4,9,3,3,0,1,4,1,4,2,4,3,4,4,4,3,3,0,0,2,0,,,0,0,fi,stage-a-v1,passed,198,long,1,0,diagnosed,suspected,diagnosed,ADHD diagnosed / autism suspected,1,1,1,21,1,1
138,2,3,8,0,2,0,1,2,3,2,1,4,4,2,1,3,2,2,0,3,3,3,3,1,0,0,fi,stage-a-v1,passed,187,custom,1,1,diagnosed,no,no,ADHD diagnosed / autism no,1,0,1,14,0,1
139,2,2,3,1,2,0,1,2,2,2,1,1,4,3,3,3,3,1,0,0,2,0,1,0,0,0,fi,stage-a-v1,passed,168,long,1,0,diagnosed,suspected,diagnosed,ADHD diagnosed / autism suspected,0,0,1,17,1,1
140,1,0,0,0,0,1,2,1,1,0,0,2,1,0,0,1,2,0,3,4,3,3,4,0,0,0,fi,stage-a-v1,passed,178,long,1,1,no,no,no,ADHD no / autism no,0,0,0,4,0,0
141,3,3,6,2,3,0,1,3,3,3,2,3,4,3,3,3,3,2,0,2,2,0,,,0,0,fi,stage-a-v1,passed,170,short,1,0,diagnosed,suspected,diagnosed,ADHD diagnosed / autism suspected,1,1,1,18,1,1
142,2,3,7,4,3,1,0,2,2,2,1,3,3,3,2,3,3,1,2,4,2,2,,,0,0,,stage-a-v1,passed,211,short,0,0,suspected,suspected,suspected,ADHD suspected / autism suspected,1,0,1,15,1,1
143,1,1,1,1,2,1,2,2,1,0,0,1,1,1,3,2,4,3,0,0,3,2,,,,0,,stage-a-v1,passed,125,custom,1,0,diagnosed,no,suspected,ADHD diagnosed / autism no,0,0,0,14,0,1
144,3,2,7,1,2,0,1,3,1,3,2,3,3,2,2,4,2,3,0,0,0,0,2,0,0,0,fi,stage-a-v1,passed,164,short,1,0,diagnosed,diagnosed,diagnosed,ADHD diagnosed / autism diagnosed,1,0,1,16,1,1
145,2,2,3,1,1,1,2,1,0,1,1,2,2,2,1,2,1,0,3,4,3,3,3,0,0,0,fi,stage-a-v1,passed,163,short,0,0,no,no,no,ADHD no / autism no,0,0,0,8,0,0
146,2,4,8,1,2,0,0,2,1,2,0,4,3,3,2,2,2,3,0,2,0,0,2,0,0,0,fi,stage-a-v1,passed,102,long,0,0,diagnosed,diagnosed,diagnosed,ADHD diagnosed / autism diagnosed,1,0,1,15,1,1
147,4,3,10,3,3,0,2,4,4,3,4,4,4,4,3,4,4,4,0,2,1,0,,,0,0,fi,stage-a-v1,passed,171,long,1,0,diagnosed,suspected,diagnosed,ADHD diagnosed / autism suspected,1,1,1,23,1,1
148,3,3,8,3,3,0,0,3,2,3,4,4,4,4,3,4,0,2,0,2,2,0,3,0,0,0,fi,stage-a-v1,passed,126,long,1,0,diagnosed,suspected,diagnosed,ADHD diagnosed / autism suspected,1,1,1,17,1,1
149,4,4,9,3,3,0,1,2,3,4,4,4,4,2,3,4,4,3,2,4,2,0,2,,0,0,fi,stage-a-v1,passed,117,long,0,0,suspected,suspected,diagnosed,ADHD suspected / autism suspected,1,1,1,20,1,1
150,2,1,2,1,3,1,3,4,1,1,0,2,4,1,3,3,4,4,3,4,3,0,2,,0,0,fi,stage-a-v1,passed,161,custom,0,0,no,no,diagnosed,ADHD no / autism no,0,0,1,19,1,1
151,3,3,7,3,3,0,1,2,2,2,2,4,3,3,2,3,4,2,0,0,2,2,3,0,0,0,fi,stage-a-v1,passed,153,custom,0,0,diagnosed,suspected,suspected,ADHD diagnosed / autism suspected,1,1,1,17,1,1
152,4,4,10,2,3,0,0,1,3,4,2,4,4,1,1,4,2,1,2,4,2,0,3,0,0,0,fi,stage-a-v1,passed,257,short,1,0,suspected,suspected,diagnosed,ADHD suspected / autism suspected,1,1,1,13,0,0
153,3,3,8,3,3,0,0,3,2,3,2,4,3,4,3,4,0,0,2,0,3,0,3,0,0,0,fi,stage-a-v1,passed,257,long,1,1,suspected,no,diagnosed,ADHD suspected / autism no,1,1,1,14,1,1
154,3,4,8,3,3,0,1,2,2,3,1,4,4,4,2,4,2,1,2,4,3,2,3,0,0,0,fi,stage-a-v1,passed,172,short,1,0,suspected,no,suspected,ADHD suspected / autism no,1,1,1,17,1,1
155,3,3,5,2,3,0,0,0,2,2,2,4,2,1,0,4,3,1,3,4,2,1,3,0,0,0,fi,stage-a-v1,passed,104,custom,1,0,no,suspected,suspected,ADHD no / autism suspected,1,1,1,11,0,0
156,2,3,5,2,2,0,0,2,1,3,2,3,3,3,3,4,4,3,0,2,3,0,,,,0,,stage-a-v1,passed,124,short,1,1,diagnosed,no,diagnosed,ADHD diagnosed / autism no,1,0,1,20,1,1
157,3,4,8,2,4,0,1,2,3,4,4,4,4,3,1,4,3,2,3,3,0,0,,,,0,,stage-a-v1,passed,113,long,0,0,no,diagnosed,diagnosed,ADHD no / autism diagnosed,1,1,1,17,1,1
158,3,3,7,1,2,0,1,1,1,4,2,4,1,1,1,2,1,2,3,4,3,3,3,0,0,0,fi,stage-a-v1,passed,188,short,1,0,no,no,no,ADHD no / autism no,1,1,1,8,0,0
159,2,3,7,0,2,0,2,2,2,2,1,3,2,2,2,3,2,3,3,4,2,0,0,0,0,0,fi,stage-a-v1,passed,146,short,1,1,no,suspected,diagnosed,ADHD no / autism suspected,1,0,1,14,1,1
160,2,2,3,1,1,1,1,0,1,1,0,1,1,2,2,1,2,1,2,4,3,3,2,1,0,0,fi,stage-a-v1,passed,181,custom,1,0,suspected,no,no,ADHD suspected / autism no,0,0,0,9,0,0
161,1,2,3,2,3,0,1,4,3,1,0,3,4,3,3,2,3,4,0,2,3,2,3,0,0,0,fi,stage-a-v1,passed,147,short,0,0,diagnosed,no,suspected,ADHD diagnosed / autism no,0,0,1,19,1,1
162,2,3,8,1,1,0,0,4,3,4,3,4,4,3,4,4,4,1,0,0,2,2,2,,0,0,fi,stage-a-v1,passed,175,short,1,0,diagnosed,suspected,suspected,ADHD diagnosed / autism suspected,1,0,1,20,1,1
163,2,1,4,0,2,1,1,3,2,2,1,2,2,2,1,1,3,1,2,4,2,2,2,1,0,0,fi,stage-a-v1,passed,177,long,1,0,suspected,suspected,suspected,ADHD suspected / autism suspected,0,0,0,10,0,0
164,0,1,1,0,0,0,4,1,0,0,0,2,2,2,2,2,0,0,3,4,3,3,1,0,0,0,fi,stage-a-v1,passed,137,short,0,0,no,no,no,ADHD no / autism no,0,0,1,8,0,0
165,3,3,7,3,1,1,1,3,2,1,2,3,4,4,3,4,3,2,0,0,2,3,1,0,0,0,fi,stage-a-v1,passed,268,long,1,0,diagnosed,suspected,no,ADHD diagnosed / autism suspected,1,1,1,20,1,1
166,3,3,6,1,2,0,1,2,0,1,1,3,2,2,1,2,3,0,3,4,2,2,2,0,0,0,fi,stage-a-v1,passed,148,short,1,0,no,suspected,suspected,ADHD no / autism suspected,1,1,1,10,0,0
167,1,1,1,0,1,1,2,0,0,1,1,2,1,1,2,1,1,1,3,4,3,3,3,0,0,0,fi,stage-a-v1,passed,118,short,1,1,no,no,no,ADHD no / autism no,0,0,0,7,0,0
168,2,1,2,1,1,0,2,2,1,2,1,3,2,1,2,2,2,1,3,4,3,3,,,,0,,stage-a-v1,passed,121,custom,1,1,no,no,no,ADHD no / autism no,0,0,1,10,0,0
169,2,2,5,1,2,1,4,3,2,2,1,1,4,3,4,4,4,3,2,4,2,2,3,0,0,0,fi,stage-a-v1,passed,258,custom,1,1,suspected,suspected,suspected,ADHD suspected / autism suspected,0,0,0,22,1,1
170,4,4,10,3,4,0,1,4,4,4,4,4,4,4,4,4,4,4,0,2,1,1,2,0,0,0,fi,stage-a-v1,passed,104,short,1,0,diagnosed,suspected,suspected,ADHD diagnosed / autism suspected,1,1,1,24,1,1
171,3,4,7,2,1,0,2,3,3,3,1,2,4,1,1,4,4,4,0,2,0,0,2,0,0,0,fi,stage-a-v1,passed,199,short,1,1,diagnosed,diagnosed,diagnosed,ADHD diagnosed / autism diagnosed,1,1,1,18,1,1
172,2,2,5,2,2,0,3,3,2,3,2,3,4,4,3,4,3,4,0,0,2,3,3,0,0,0,fi,stage-a-v1,passed,140,custom,1,1,diagnosed,suspected,no,ADHD diagnosed / autism suspected,0,0,1,22,1,1
173,3,4,8,2,2,0,1,3,4,4,3,4,3,2,2,2,4,3,0,2,2,2,2,0,0,0,fi,stage-a-v1,unavailable,185,short,1,0,diagnosed,suspected,suspected,ADHD diagnosed / autism suspected,1,1,1,16,1,1
174,3,3,7,0,1,0,0,1,1,2,1,4,3,2,2,4,4,4,1,4,3,3,0,0,0,0,fi,stage-a-v1,passed,173,custom,1,0,suspected,no,no,ADHD suspected / autism no,1,1,1,19,1,1
175,1,3,3,0,3,0,4,2,2,0,2,3,4,4,2,3,2,1,1,4,3,2,1,1,0,0,fi,stage-a-v1,passed,111,short,1,0,suspected,no,suspected,ADHD suspected / autism no,1,0,1,16,1,1
176,3,3,8,1,2,0,2,3,2,3,2,3,1,1,2,2,1,0,3,4,0,0,2,0,0,0,fi,stage-a-v1,passed,194,long,0,0,no,diagnosed,diagnosed,ADHD no / autism diagnosed,1,1,1,7,0,0
177,3,3,8,2,3,0,1,1,2,3,1,3,1,1,2,1,0,0,3,4,2,0,1,0,0,0,fi,stage-a-v1,passed,175,short,1,0,no,suspected,diagnosed,ADHD no / autism suspected,1,1,1,5,0,0
178,4,4,9,1,2,0,1,4,4,4,4,4,4,4,3,4,4,3,0,3,0,0,1,0,0,0,fi,stage-a-v1,passed,153,custom,1,1,diagnosed,diagnosed,diagnosed,ADHD diagnosed / autism diagnosed,1,1,1,22,1,1
179,1,2,2,0,1,1,4,0,2,1,1,0,2,1,2,2,0,0,3,4,2,3,,,0,0,,stage-a-v1,passed,218,short,1,1,no,suspected,no,ADHD no / autism suspected,0,0,0,7,0,0
180,2,1,3,0,1,0,1,3,2,1,1,0,3,3,2,4,2,2,0,3,3,3,1,0,0,0,fi,stage-a-v1,passed,205,custom,1,0,diagnosed,no,no,ADHD diagnosed / autism no,0,0,1,16,1,1
181,4,4,9,2,1,0,1,3,2,4,2,4,3,1,1,3,4,3,2,4,2,0,2,0,0,0,fi,stage-a-v1,passed,150,long,1,0,suspected,suspected,diagnosed,ADHD suspected / autism suspected,1,1,1,15,1,1
182,2,3,8,3,2,0,1,4,3,4,3,3,4,3,1,3,4,3,1,0,3,3,4,0,0,0,fi,stage-a-v1,passed,175,short,0,0,suspected,no,no,ADHD suspected / autism no,1,0,1,18,1,1
183,1,1,1,2,2,1,2,1,4,1,1,2,4,1,2,4,2,2,2,4,2,3,1,0,0,0,fi,stage-a-v1,passed,98,short,0,0,suspected,suspected,no,ADHD suspected / autism suspected,0,0,0,15,0,1
184,3,3,8,3,3,0,0,3,2,4,3,3,4,4,4,4,4,4,0,2,0,3,,,0,0,fi,stage-a-v1,passed,259,long,0,0,diagnosed,diagnosed,no,ADHD diagnosed / autism diagnosed,1,1,1,24,1,1
185,3,3,7,3,2,0,1,3,3,3,3,3,2,2,1,3,2,2,1,4,1,0,2,0,0,0,fi,stage-a-v1,passed,132,long,0,1,suspected,suspected,diagnosed,ADHD suspected / autism suspected,1,1,1,12,0,0
186,3,2,9,2,2,0,0,1,0,0,0,3,3,3,0,0,1,3,2,0,2,2,,,0,0,,stage-a-v1,passed,216,short,1,1,suspected,suspected,suspected,ADHD suspected / autism suspected,1,0,1,10,0,0
187,4,4,9,3,3,0,1,3,3,4,3,4,4,4,3,4,3,3,1,4,1,0,3,0,0,0,fi,stage-a-v1,passed,152,short,1,0,suspected,suspected,diagnosed,ADHD suspected / autism suspected,1,1,1,21,1,1
188,3,4,9,2,3,0,1,3,4,3,2,4,2,0,1,2,0,1,3,4,0,0,3,0,0,0,fi,stage-a-v1,passed,227,long,1,1,no,diagnosed,diagnosed,ADHD no / autism diagnosed,1,1,1,6,0,0
189,0,2,1,0,1,0,3,3,2,1,1,2,1,2,1,3,3,2,2,4,3,3,2,1,0,0,fi,stage-a-v1,passed,306,custom,1,0,suspected,no,no,ADHD suspected / autism no,0,0,1,12,0,0
190,4,4,8,0,2,0,3,3,1,3,0,4,4,2,2,4,3,1,2,4,3,0,3,0,0,0,fi,stage-a-v1,passed,177,short,1,0,suspected,no,diagnosed,ADHD suspected / autism no,1,1,1,16,1,1
191,2,3,7,2,3,0,3,3,2,2,0,3,4,2,3,4,4,3,0,0,3,2,2,0,0,0,fi,stage-a-v1,passed,176,short,1,0,diagnosed,no,suspected,ADHD diagnosed / autism no,1,0,1,20,1,1
192,0,1,1,1,1,0,0,1,1,1,0,2,1,2,2,2,1,3,3,4,3,3,,1,0,0,fi,stage-a-v1,passed,191,custom,1,1,no,no,no,ADHD no / autism no,0,0,1,11,0,0
193,4,4,10,3,4,0,0,2,2,4,2,4,4,1,0,4,4,4,2,4,2,0,2,1,0,0,fi,stage-a-v1,passed,150,long,0,0,suspected,suspected,diagnosed,ADHD suspected / autism suspected,1,1,1,17,1,1
194,3,3,8,2,2,0,1,4,2,3,1,3,3,2,0,2,2,1,2,4,0,0,,1,0,0,fi,stage-a-v1,passed,115,long,0,0,suspected,diagnosed,diagnosed,ADHD suspected / autism diagnosed,1,1,1,10,0,0
195,0,0,0,0,0,1,0,0,0,0,0,2,0,0,0,0,0,0,3,4,0,0,1,1,0,0,fi,stage-a-v1,passed,118,short,0,0,no,diagnosed,diagnosed,ADHD no / autism diagnosed,0,0,0,0,0,0
196,3,2,7,1,1,0,1,1,2,2,1,3,2,1,1,2,2,1,3,4,2,0,2,0,0,0,fi,stage-a-v1,passed,253,long,0,0,no,suspected,diagnosed,ADHD no / autism suspected,1,0,1,9,0,0
197,2,2,4,2,2,0,0,2,1,2,1,3,3,1,2,3,4,2,2,4,3,0,2,1,0,0,fi,stage-a-v1,passed,210,long,0,0,suspected,no,diagnosed,ADHD suspected / autism no,0,0,1,15,1,1
198,3,3,8,3,3,0,3,3,4,4,4,3,4,4,3,3,4,4,0,0,2,0,3,0,0,0,fi,stage-a-v1,passed,197,long,0,0,diagnosed,suspected,diagnosed,ADHD diagnosed / autism suspected,1,1,1,22,1,1
199,4,4,9,3,2,0,0,2,2,3,3,4,4,3,3,3,3,3,2,4,2,2,0,0,0,0,fi,stage-a-v1,passed,183,short,0,1,suspected,suspected,suspected,ADHD suspected / autism suspected,1,1,1,19,1,1
200,2,2,3,1,0,1,3,2,0,2,0,3,2,0,0,3,1,0,3,4,3,3,1,0,0,0,fi,stage-a-v1,passed,221,long,1,1,no,no,no,ADHD no / autism no,0,0,0,6,0,0
201,4,4,7,3,3,0,2,0,0,4,0,3,2,1,1,2,4,1,3,4,2,2,2,0,0,0,fi,stage-a-v1,passed,128,short,0,0,no,suspected,suspected,ADHD no / autism suspected,1,1,1,11,0,0
202,3,3,8,1,1,1,0,4,2,4,3,4,3,4,3,2,4,3,0,0,0,0,2,,0,0,fi,stage-a-v1,passed,305,short,0,0,diagnosed,diagnosed,diagnosed,ADHD diagnosed / autism diagnosed,1,1,0,19,1,1
203,3,4,8,1,2,1,0,3,2,2,3,4,1,2,2,3,2,1,3,4,0,0,2,0,0,0,fi,stage-a-v1,passed,154,short,0,0,no,diagnosed,diagnosed,ADHD no / autism diagnosed,1,1,0,11,0,0
204,3,3,7,1,2,0,3,1,3,4,0,2,4,4,2,3,1,3,0,0,2,0,1,0,0,0,fi,stage-a-v1,passed,123,short,0,0,diagnosed,suspected,diagnosed,ADHD diagnosed / autism suspected,1,1,1,17,1,1
205,3,1,3,3,3,1,1,0,0,2,1,3,1,2,2,2,4,2,2,1,3,3,2,1,0,0,fi,stage-a-v1,passed,221,short,1,1,suspected,no,no,ADHD suspected / autism no,1,0,1,13,0,0
206,2,2,3,0,2,0,2,1,1,1,1,3,2,1,1,2,0,1,3,4,3,3,1,0,0,0,fi,stage-a-v1,passed,158,short,1,1,no,no,no,ADHD no / autism no,0,0,1,7,0,0
207,3,4,8,2,2,0,1,2,4,3,3,3,3,1,2,4,4,3,0,2,0,0,3,0,0,0,fi,stage-a-v1,passed,245,short,1,0,diagnosed,diagnosed,diagnosed,ADHD diagnosed / autism diagnosed,1,1,1,17,1,1
208,1,2,2,0,1,1,3,0,1,0,0,1,3,2,2,2,3,1,3,4,3,3,2,1,0,0,fi,stage-a-v1,passed,132,custom,1,1,no,no,no,ADHD no / autism no,0,0,0,13,1,0
209,2,3,8,2,2,0,4,3,0,0,2,4,3,2,2,3,4,4,2,0,0,0,3,0,0,0,fi,stage-a-v1,passed,190,short,0,0,suspected,diagnosed,diagnosed,ADHD suspected / autism diagnosed,1,0,1,18,1,1
210,1,1,3,1,1,1,1,1,0,1,1,1,1,1,1,1,2,2,2,4,3,3,3,0,0,0,fi,stage-a-v1,passed,124,short,1,0,suspected,no,no,ADHD suspected / autism no,0,0,0,8,0,0
211,2,2,3,1,2,0,3,2,2,1,1,2,2,2,2,3,2,2,2,4,2,2,3,1,0,0,fi,stage-a-v1,passed,162,short,1,1,suspected,suspected,suspected,ADHD suspected / autism suspected,0,0,1,13,1,0
212,4,4,9,0,0,0,4,1,2,4,4,4,3,1,2,3,4,2,2,4,2,2,2,0,0,0,fi,stage-a-v1,passed,110,short,1,0,suspected,suspected,suspected,ADHD suspected / autism suspected,1,1,1,15,1,1
213,2,3,6,1,2,0,3,2,2,1,1,4,3,1,2,4,3,2,2,4,2,3,2,0,0,0,fi,stage-a-v1,passed,108,long,1,0,suspected,suspected,no,ADHD suspected / autism suspected,1,0,1,15,1,1
214,4,4,8,2,1,0,0,1,1,3,3,3,4,3,2,4,4,4,2,4,2,2,2,0,0,0,fi,stage-a-v1,passed,127,short,1,0,suspected,suspected,suspected,ADHD suspected / autism suspected,1,1,1,21,1,1
215,3,3,8,2,3,0,1,2,1,3,2,3,3,1,1,2,1,2,2,4,2,3,3,0,0,0,fi,stage-a-v1,passed,363,short,1,0,suspected,suspected,no,ADHD suspected / autism suspected,1,1,1,10,0,0
216,4,4,8,2,2,0,0,1,2,3,2,3,3,2,3,4,3,2,0,0,2,0,0,0,0,0,fi,stage-a-v1,passed,276,long,1,0,diagnosed,suspected,diagnosed,ADHD diagnosed / autism suspected,1,1,1,17,1,1
217,3,2,5,0,3,0,4,2,2,2,2,3,3,2,2,3,4,3,0,2,3,0,1,1,0,0,fi,stage-a-v1,passed,175,short,1,0,diagnosed,no,diagnosed,ADHD diagnosed / autism no,1,0,1,17,1,1
218,1,0,1,1,2,1,3,2,0,0,0,0,2,1,4,2,4,3,0,3,3,2,2,0,0,0,fi,stage-a-v1,passed,132,short,1,0,diagnosed,no,suspected,ADHD diagnosed / autism no,0,0,0,16,1,1
219,2,2,7,1,2,1,3,2,3,1,1,1,3,2,2,1,4,4,2,4,2,3,,1,0,0,fi,stage-a-v1,passed,115,short,0,0,suspected,suspected,no,ADHD suspected / autism suspected,1,0,0,16,1,1
220,4,4,10,3,4,0,1,2,3,4,4,4,4,4,3,4,2,2,2,4,2,2,2,0,0,0,fi,stage-a-v1,passed,160,custom,1,0,suspected,suspected,suspected,ADHD suspected / autism suspected,1,1,1,19,1,1
221,4,4,10,2,3,0,0,3,1,4,1,4,3,3,3,3,3,3,0,2,3,2,2,1,0,0,fi,stage-a-v1,passed,133,short,0,0,diagnosed,no,suspected,ADHD diagnosed / autism no,1,1,1,18,1,1
222,3,2,5,2,1,0,0,2,0,4,3,4,2,1,0,2,0,0,3,4,3,3,2,0,0,0,fi,stage-a-v1,passed,163,short,1,1,no,no,no,ADHD no / autism no,1,0,1,5,0,0
223,3,4,9,1,4,0,1,2,2,4,2,4,4,3,3,3,3,2,0,0,0,2,1,0,0,0,fi,stage-a-v1,passed,204,short,0,0,diagnosed,diagnosed,suspected,ADHD diagnosed / autism diagnosed,1,1,1,18,1,1
224,2,2,5,2,2,0,1,1,0,1,0,2,3,3,1,3,3,2,0,0,3,0,3,1,0,0,fi,stage-a-v1,passed,135,short,1,1,diagnosed,no,diagnosed,ADHD diagnosed / autism no,0,0,1,15,1,1
225,4,4,8,2,3,0,1,2,2,2,0,4,3,2,2,4,4,3,0,2,3,0,0,0,0,0,fi,stage-a-v1,passed,129,long,0,0,diagnosed,no,diagnosed,ADHD diagnosed / autism no,1,1,1,18,1,1
226,2,1,3,0,0,1,1,0,0,1,0,3,1,0,0,0,0,0,3,4,3,3,2,0,0,0,fi,stage-a-v1,passed,163,short,0,0,no,no,no,ADHD no / autism no,0,0,0,1,0,0
227,3,3,9,2,3,0,1,2,3,3,2,4,1,1,2,2,3,1,3,4,2,2,2,0,0,0,fi,stage-a-v1,passed,138,short,1,0,no,suspected,suspected,ADHD no / autism suspected,1,1,1,10,0,0
228,2,1,3,0,1,0,3,4,3,2,1,2,1,1,0,3,2,1,3,4,3,3,2,0,0,0,fi,stage-a-v1,passed,203,short,1,1,no,no,no,ADHD no / autism no,0,0,1,8,0,0
229,2,1,3,1,2,1,1,2,1,2,0,3,2,2,1,2,1,1,3,4,3,3,2,1,0,0,fi,stage-a-v1,passed,176,short,1,1,no,no,no,ADHD no / autism no,0,0,0,9,0,0
230,4,3,6,3,2,0,1,0,0,4,2,4,4,3,2,2,3,3,0,3,3,3,3,0,0,0,fi,stage-a-v1,passed,142,short,0,0,diagnosed,no,no,ADHD diagnosed / autism no,1,1,1,17,1,1
231,3,3,8,1,2,0,1,3,3,4,3,4,3,3,1,3,3,3,2,4,2,0,2,0,0,0,fi,stage-a-v1,passed,159,long,1,1,suspected,suspected,diagnosed,ADHD suspected / autism suspected,1,1,1,16,1,1
232,2,4,7,3,3,0,3,1,4,1,2,3,4,1,3,4,2,4,1,3,1,1,3,0,0,0,fi,stage-a-v1,passed,137,short,0,0,suspected,suspected,suspected,ADHD suspected / autism suspected,1,0,1,18,1,1
233,3,4,8,3,4,0,1,3,3,3,2,4,3,3,4,4,2,1,0,0,2,3,2,0,0,0,fi,stage-a-v1,passed,201,short,0,0,diagnosed,suspected,no,ADHD diagnosed / autism suspected,1,1,1,17,1,1
234,1,0,1,0,0,1,1,2,2,0,0,1,3,3,3,2,4,4,0,3,3,3,3,1,0,0,fi,stage-a-v1,passed,189,custom,1,1,diagnosed,no,no,ADHD diagnosed / autism no,0,0,0,19,1,1
235,3,3,9,3,3,0,1,2,4,3,3,4,4,2,1,2,4,4,0,1,2,2,3,0,0,0,fi,stage-a-v1,passed,172,short,0,0,diagnosed,suspected,suspected,ADHD diagnosed / autism suspected,1,1,1,17,1,1
236,1,1,1,0,1,1,2,0,0,0,0,1,2,3,3,1,2,4,0,0,3,3,2,1,0,0,fi,stage-a-v1,passed,121,long,1,0,diagnosed,no,no,ADHD diagnosed / autism no,0,0,0,15,1,1
237,3,2,3,1,2,0,3,1,1,3,1,3,4,2,4,4,4,1,2,4,3,3,2,1,0,0,fi,stage-a-v1,passed,143,short,0,0,suspected,no,no,ADHD suspected / autism no,1,0,1,19,1,1
238,2,3,8,0,3,0,1,3,4,4,4,4,4,3,3,4,4,3,0,0,0,0,1,0,0,0,fi,stage-a-v1,passed,145,short,0,0,diagnosed,diagnosed,diagnosed,ADHD diagnosed / autism diagnosed,1,0,1,21,1,1
239,4,4,9,4,4,1,2,1,2,4,3,4,4,4,4,4,4,3,0,2,2,0,1,0,0,0,fi,stage-a-v1,passed,121,long,1,0,diagnosed,suspected,diagnosed,ADHD diagnosed / autism suspected,1,1,1,23,1,1
240,3,2,6,2,1,1,2,0,2,2,0,4,3,2,0,3,2,2,2,4,3,2,2,0,0,0,fi,stage-a-v1,passed,152,short,1,1,suspected,no,suspected,ADHD suspected / autism no,1,0,0,12,0,0
241,4,4,9,3,3,0,0,2,2,3,3,4,3,2,2,3,4,2,0,2,2,0,3,0,0,0,fi,stage-a-v1,passed,136,short,0,0,diagnosed,suspected,diagnosed,ADHD diagnosed / autism suspected,1,1,1,16,1,1
242,3,4,9,3,1,0,3,2,3,3,2,4,3,2,2,2,4,3,0,0,0,0,2,,0,0,fi,stage-a-v1,passed,169,short,0,0,diagnosed,diagnosed,diagnosed,ADHD diagnosed / autism diagnosed,1,1,1,16,1,1
243,4,4,8,2,3,0,2,2,3,4,3,3,3,4,0,3,4,2,1,0,0,3,,,0,0,fi,stage-a-v1,passed,158,short,1,1,suspected,diagnosed,no,ADHD suspected / autism diagnosed,1,1,1,16,1,1
244,2,1,4,1,1,0,0,1,2,1,1,3,1,2,3,2,4,2,3,4,3,3,3,1,0,0,fi,stage-a-v1,passed,159,short,0,0,no,no,no,ADHD no / autism no,0,0,1,14,0,1
245,4,1,8,3,3,1,0,4,1,4,1,4,4,2,3,3,0,0,0,0,2,2,2,1,0,0,fi,stage-a-v1,passed,147,long,1,0,diagnosed,suspected,suspected,ADHD diagnosed / autism suspected,1,0,1,12,1,0
246,4,4,7,1,2,0,1,2,1,3,2,4,4,3,4,4,3,1,2,4,2,3,,,0,0,fi,stage-a-v1,passed,128,short,0,0,suspected,suspected,no,ADHD suspected / autism suspected,1,1,1,19,1,1
247,1,2,2,1,1,0,2,2,1,2,1,3,2,1,2,3,1,2,3,4,2,2,2,1,0,0,fi,stage-a-v1,passed,519,long,1,0,no,suspected,suspected,ADHD no / autism suspected,0,0,1,11,0,0
248,1,1,3,0,0,1,1,3,2,2,1,2,2,3,1,3,1,1,3,4,3,3,3,0,0,0,fi,stage-a-v1,passed,265,custom,0,0,no,no,no,ADHD no / autism no,0,0,0,11,0,0
249,2,3,5,1,0,0,3,3,3,3,1,4,4,4,3,3,4,3,0,3,2,2,3,0,0,0,fi,stage-a-v1,passed,194,short,1,1,diagnosed,suspected,suspected,ADHD diagnosed / autism suspected,1,0,1,21,1,1
250,4,4,8,2,3,0,1,2,2,3,2,3,3,2,2,2,3,3,0,2,0,2,2,0,0,0,fi,stage-a-v1,passed,141,short,0,0,diagnosed,diagnosed,suspected,ADHD diagnosed / autism diagnosed,1,1,1,15,1,1
251,2,3,6,0,2,1,1,1,1,1,2,4,2,3,2,2,4,3,2,4,3,3,,1,0,0,fi,stage-a-v1,passed,144,long,1,0,suspected,no,no,ADHD suspected / autism no,1,0,0,16,1,1
252,2,3,4,2,2,0,1,3,2,2,1,3,3,3,2,3,4,2,0,0,2,0,3,0,0,0,fi,stage-a-v1,passed,174,long,1,0,diagnosed,suspected,diagnosed,ADHD diagnosed / autism suspected,1,0,1,17,1,1
253,2,3,6,1,0,0,2,2,0,4,1,4,2,3,3,3,3,2,3,4,3,0,2,0,0,0,fi,stage-a-v1,passed,121,short,1,0,no,no,diagnosed,ADHD no / autism no,1,0,1,16,1,1
254,1,2,4,2,1,0,0,3,2,2,2,4,3,2,1,1,3,4,3,4,3,2,2,1,0,0,fi,stage-a-v1,passed,183,short,1,0,no,no,suspected,ADHD no / autism no,0,0,1,14,1,1
255,4,4,10,3,3,0,0,2,4,4,4,4,4,4,3,4,3,4,0,0,0,0,0,0,0,0,fi,stage-a-v1,passed,102,long,0,0,diagnosed,diagnosed,diagnosed,ADHD diagnosed / autism diagnosed,1,1,1,22,1,1
256,2,2,4,1,2,0,1,2,1,2,1,3,1,1,1,2,3,0,3,4,3,0,3,1,0,0,fi,stage-a-v1,passed,143,short,1,1,no,no,diagnosed,ADHD no / autism no,0,0,1,8,0,0
257,2,2,2,0,0,1,3,1,1,1,0,1,1,1,1,2,1,0,3,4,3,3,,,0,0,,stage-a-v1,passed,337,long,0,0,no,no,no,ADHD no / autism no,0,0,0,6,0,0
258,2,1,2,1,0,1,1,1,1,0,0,2,3,2,1,3,3,2,0,2,2,2,2,,0,0,fi,stage-a-v1,passed,150,short,1,0,diagnosed,suspected,suspected,ADHD diagnosed / autism suspected,0,0,0,14,1,1
259,1,1,1,1,1,1,3,3,1,0,0,1,2,2,3,2,2,2,3,4,3,3,3,1,0,0,fi,stage-a-v1,passed,195,long,1,0,no,no,no,ADHD no / autism no,0,0,0,13,0,0
260,3,4,10,3,4,0,0,1,4,4,4,4,2,2,2,3,1,0,3,4,0,0,,1,0,0,fi,stage-a-v1,passed,105,long,1,1,no,diagnosed,diagnosed,ADHD no / autism diagnosed,1,1,1,10,1,0
261,1,2,2,0,1,1,1,2,1,1,1,2,2,1,1,2,2,1,3,4,3,3,1,1,0,0,fi,stage-a-v1,passed,200,short,1,1,no,no,no,ADHD no / autism no,0,0,0,9,0,0
262,2,4,7,2,1,0,0,2,2,3,3,4,2,1,1,2,2,1,3,4,0,2,2,0,0,0,fi,stage-a-v1,passed,150,short,1,0,no,diagnosed,suspected,ADHD no / autism diagnosed,1,0,1,9,0,0
263,2,3,7,1,1,0,3,2,2,3,2,4,3,3,2,4,4,2,0,2,3,0,3,1,0,0,fi,stage-a-v1,passed,136,long,0,0,diagnosed,no,diagnosed,ADHD diagnosed / autism no,1,0,1,18,1,1
264,1,2,5,3,3,0,4,4,3,1,1,4,3,3,3,3,4,4,2,4,0,2,4,0,0,0,fi,stage-a-v1,passed,151,long,1,0,suspected,diagnosed,suspected,ADHD suspected / autism diagnosed,0,0,1,20,1,1
265,2,3,8,1,1,0,1,2,1,3,3,4,4,2,2,2,4,4,0,3,2,3,3,0,0,0,fi,stage-a-v1,passed,188,short,1,0,diagnosed,suspected,no,ADHD diagnosed / autism suspected,1,0,1,18,1,1
266,4,4,9,2,4,0,0,4,2,4,2,4,4,3,3,4,3,2,3,4,2,2,1,0,0,0,fi,stage-a-v1,passed,205,custom,1,0,no,suspected,suspected,ADHD no / autism suspected,1,1,1,19,1,1
267,1,1,1,0,0,1,1,2,1,0,0,2,4,3,4,4,4,1,0,3,2,0,2,0,0,0,fi,stage-a-v1,passed,183,short,1,0,diagnosed,suspected,diagnosed,ADHD diagnosed / autism suspected,0,0,0,20,1,1
268,3,2,8,2,2,1,2,1,3,3,2,3,3,2,1,3,4,2,2,0,2,2,2,0,0,0,fi,stage-a-v1,passed,192,custom,1,1,suspected,suspected,suspected,ADHD suspected / autism suspected,1,0,0,15,1,1
269,2,4,8,0,4,0,1,4,4,4,4,4,3,1,3,3,3,1,3,4,0,0,2,0,0,0,fi,stage-a-v1,passed,144,short,1,0,no,diagnosed,diagnosed,ADHD no / autism diagnosed,1,0,1,14,1,1
270,4,4,9,4,4,0,0,4,4,4,4,4,1,1,1,2,4,1,3,4,0,0,1,,0,0,fi,stage-a-v1,passed,119,short,0,0,no,diagnosed,diagnosed,ADHD no / autism diagnosed,1,1,1,10,0,0
271,3,3,6,1,2,1,1,2,2,3,3,4,2,1,1,2,2,1,3,4,0,0,,,0,0,,stage-a-v1,passed,127,long,0,0,no,diagnosed,diagnosed,ADHD no / autism diagnosed,1,1,0,9,0,0
272,0,1,0,1,1,1,1,1,0,0,0,0,1,3,3,3,3,3,2,4,3,3,2,0,0,0,fi,stage-a-v1,passed,353,long,1,0,suspected,no,no,ADHD suspected / autism no,0,0,0,16,1,1
273,4,3,9,3,3,0,0,3,3,4,3,4,2,1,0,3,1,0,3,4,0,0,2,0,0,0,fi,stage-a-v1,passed,174,short,0,0,no,diagnosed,diagnosed,ADHD no / autism diagnosed,1,1,1,7,0,0
274,3,3,7,1,2,0,0,2,2,2,2,4,3,1,3,3,4,1,3,4,2,2,,1,0,0,fi,stage-a-v1,passed,145,short,1,0,no,suspected,suspected,ADHD no / autism suspected,1,1,1,15,1,1
275,4,4,8,3,3,0,1,1,2,3,4,4,2,1,1,3,3,1,3,4,0,0,1,0,0,0,fi,stage-a-v1,passed,119,short,0,0,no,diagnosed,diagnosed,ADHD no / autism diagnosed,1,1,1,11,0,0
276,2,0,3,0,2,1,2,2,0,0,0,3,3,3,2,3,3,3,2,4,2,0,0,0,0,0,fi,stage-a-v1,passed,342,long,1,1,suspected,suspected,diagnosed,ADHD suspected / autism suspected,0,0,0,17,1,1
277,2,2,7,2,2,0,1,2,3,3,2,2,4,3,3,3,3,2,0,1,2,2,,,,0,,stage-a-v1,passed,205,long,1,1,diagnosed,suspected,suspected,ADHD diagnosed / autism suspected,1,0,1,18,1,1
278,2,2,4,2,2,1,3,1,0,0,0,3,4,2,4,3,4,4,0,3,2,3,1,1,0,0,fi,stage-a-v1,passed,178,long,0,0,diagnosed,suspected,no,ADHD diagnosed / autism suspected,0,0,0,21,1,1
279,3,4,9,2,3,0,2,3,1,3,1,4,4,4,4,4,4,4,0,2,2,0,2,1,0,0,fi,stage-a-v1,passed,106,short,0,0,diagnosed,suspected,diagnosed,ADHD diagnosed / autism suspected,1,1,1,24,1,1
280,4,4,9,2,3,0,0,2,3,3,3,4,3,2,2,4,4,2,2,4,2,0,,,0,0,,stage-a-v1,passed,295,long,1,0,suspected,suspected,diagnosed,ADHD suspected / autism suspected,1,1,1,17,1,1
281,2,2,2,0,1,0,3,2,2,0,2,1,3,3,2,4,1,2,3,4,3,3,2,1,0,0,fi,stage-a-v1,passed,195,custom,1,0,no,no,no,ADHD no / autism no,0,0,1,15,1,1
282,4,4,9,3,3,0,0,3,3,4,3,4,4,3,3,4,4,2,0,0,0,0,2,0,0,0,fi,stage-a-v1,passed,125,custom,1,0,diagnosed,diagnosed,diagnosed,ADHD diagnosed / autism diagnosed,1,1,1,20,1,1
283,3,2,2,2,3,1,0,1,0,2,0,4,0,0,1,1,1,0,3,4,3,3,,,0,0,fi,stage-a-v1,passed,174,short,0,0,no,no,no,ADHD no / autism no,1,0,1,3,0,0
284,2,2,3,2,2,0,1,3,2,1,2,1,2,2,2,1,4,3,2,4,3,2,2,0,0,0,fi,stage-a-v1,passed,182,short,1,1,suspected,no,suspected,ADHD suspected / autism no,0,0,1,14,1,1
285,2,2,5,0,2,0,1,2,1,1,1,2,4,2,3,3,3,2,2,4,2,0,3,1,0,0,fi,stage-a-v1,passed,204,short,0,0,suspected,suspected,diagnosed,ADHD suspected / autism suspected,0,0,1,17,1,1
286,3,3,6,1,2,1,2,0,1,2,0,3,3,2,1,2,2,0,3,4,3,3,2,0,0,0,fi,stage-a-v1,passed,211,short,1,0,no,no,no,ADHD no / autism no,1,1,0,10,0,0
287,3,4,7,1,2,0,1,1,0,4,1,3,3,3,1,3,4,3,2,4,2,0,3,0,0,0,fi,stage-a-v1,passed,149,short,0,1,suspected,suspected,diagnosed,ADHD suspected / autism suspected,1,1,1,17,1,1
288,0,2,2,1,1,1,2,1,1,1,0,2,2,1,0,2,0,0,3,4,3,3,,,0,0,fi,stage-a-v1,passed,128,short,1,0,no,no,no,ADHD no / autism no,0,0,0,5,0,0
289,3,2,7,2,2,0,0,1,0,4,1,3,4,4,4,4,3,2,0,0,2,3,2,0,0,0,fi,stage-a-v1,passed,170,short,1,1,diagnosed,suspected,no,ADHD diagnosed / autism suspected,1,0,1,21,1,1
290,0,0,0,1,1,1,3,3,2,0,0,1,2,2,2,2,2,2,2,4,3,3,3,1,0,0,fi,stage-a-v1,passed,173,short,1,1,suspected,no,no,ADHD suspected / autism no,0,0,0,12,0,0
291,3,3,6,1,1,0,3,3,2,2,1,3,2,0,1,3,3,2,3,4,3,0,1,1,0,0,fi,stage-a-v1,passed,142,short,1,1,no,no,diagnosed,ADHD no / autism no,1,1,1,11,0,0
292,4,3,7,2,3,0,2,3,3,3,2,2,4,2,3,2,3,3,0,2,2,0,2,1,0,0,fi,stage-a-v1,passed,219,short,1,0,diagnosed,suspected,diagnosed,ADHD diagnosed / autism suspected,1,1,1,17,1,1
293,3,4,8,2,3,0,1,2,2,3,3,4,3,2,2,4,4,2,0,0,2,2,2,0,0,0,fi,stage-a-v1,passed,144,short,1,0,diagnosed,suspected,suspected,ADHD diagnosed / autism suspected,1,1,1,17,1,1
294,3,3,9,2,3,0,1,3,1,2,2,3,2,2,2,3,4,2,2,4,2,2,1,0,0,0,fi,stage-a-v1,passed,287,short,1,1,suspected,suspected,suspected,ADHD suspected / autism suspected,1,1,1,15,1,1
295,4,4,10,1,2,0,1,2,2,4,3,4,4,4,0,4,2,1,0,0,0,2,2,0,0,0,fi,stage-a-v1,passed,179,short,1,0,diagnosed,diagnosed,suspected,ADHD diagnosed / autism diagnosed,1,1,1,15,0,1
296,2,2,4,0,2,0,3,2,2,3,3,3,4,3,3,4,4,3,0,2,2,3,1,0,0,0,fi,stage-a-v1,passed,114,short,1,0,diagnosed,suspected,no,ADHD diagnosed / autism suspected,0,0,1,21,1,1
297,2,2,6,2,2,0,0,3,1,2,0,3,3,2,2,3,3,2,2,1,3,3,3,1,0,0,fi,stage-a-v1,passed,132,short,1,1,suspected,no,no,ADHD suspected / autism no,0,0,1,15,1,1
298,3,3,7,2,2,0,0,2,2,4,3,4,4,2,3,4,4,4,0,2,2,0,1,0,0,0,fi,stage-a-v1,passed,155,short,1,0,diagnosed,suspected,diagnosed,ADHD diagnosed / autism suspected,1,1,1,21,1,1
299,3,3,8,2,2,0,1,3,2,3,2,2,3,3,3,3,4,3,0,0,2,2,2,,0,0,fi,stage-a-v1,passed,164,short,0,0,diagnosed,suspected,suspected,ADHD diagnosed / autism suspected,1,1,1,19,1,1
300,2,2,5,2,2,0,1,2,1,2,1,3,3,4,2,3,2,2,2,4,3,0,3,1,0,0,fi,stage-a-v1,passed,231,short,1,0,suspected,no,diagnosed,ADHD suspected / autism no,0,0,1,16,1,1
301,1,1,3,2,1,1,1,1,1,4,3,3,3,1,0,3,4,1,2,4,0,0,3,0,0,0,fi,stage-a-v1,passed,158,long,0,0,suspected,diagnosed,diagnosed,ADHD suspected / autism diagnosed,0,0,0,12,0,0
302,2,2,8,2,2,0,0,2,3,2,3,3,3,3,3,4,4,4,0,3,2,2,2,1,0,0,fi,stage-a-v1,passed,315,long,1,0,diagnosed,suspected,suspected,ADHD diagnosed / autism suspected,1,0,1,21,1,1
303,4,4,10,3,3,0,0,3,2,4,4,4,4,4,4,4,4,4,0,2,2,0,2,0,0,0,fi,stage-a-v1,passed,118,short,0,0,diagnosed,suspected,diagnosed,ADHD diagnosed / autism suspected,1,1,1,24,1,1
304,3,3,8,3,3,0,2,3,2,3,3,4,4,4,4,3,4,4,0,3,2,0,,,0,0,,stage-a-v1,passed,142,custom,1,1,diagnosed,suspected,diagnosed,ADHD diagnosed / autism suspected,1,1,1,23,1,1
305,3,3,9,3,3,0,2,1,2,4,3,4,4,3,3,4,3,2,2,4,2,2,3,0,0,0,fi,stage-a-v1,passed,203,long,1,0,suspected,suspected,suspected,ADHD suspected / autism suspected,1,1,1,19,1,1
306,4,4,10,3,3,0,1,1,3,4,3,4,2,2,0,1,0,0,3,4,0,0,3,0,0,0,fi,stage-a-v1,passed,290,short,1,1,no,diagnosed,diagnosed,ADHD no / autism diagnosed,1,1,1,5,0,0
307,0,0,0,0,1,1,3,1,1,2,0,2,2,1,0,2,3,3,2,4,2,3,2,1,0,0,fi,stage-a-v1,passed,181,custom,1,1,suspected,suspected,no,ADHD suspected / autism suspected,0,0,0,11,0,0
308,0,0,0,0,0,1,3,0,1,0,0,0,1,1,0,2,2,2,3,4,3,3,2,0,0,0,fi,stage-a-v1,passed,144,long,1,0,no,no,no,ADHD no / autism no,0,0,0,8,0,0
309,3,4,8,1,3,0,3,3,4,3,4,4,4,3,1,3,3,2,2,4,1,0,1,,0,0,fi,stage-a-v1,passed,108,long,1,0,suspected,suspected,diagnosed,ADHD suspected / autism suspected,1,1,1,16,1,1
310,4,3,7,1,1,1,1,3,3,3,1,3,3,3,2,4,4,4,1,2,1,0,1,0,0,0,fi,stage-a-v1,passed,126,short,1,0,suspected,suspected,diagnosed,ADHD suspected / autism suspected,1,1,0,20,1,1
311,3,3,8,1,2,0,1,3,2,2,2,4,3,3,2,4,4,4,0,2,3,3,2,0,0,0,fi,stage-a-v1,passed,119,short,1,0,diagnosed,no,no,ADHD diagnosed / autism no,1,1,1,20,1,1
312,4,4,8,3,3,1,1,2,2,4,3,4,4,4,3,3,3,2,1,4,1,0,3,0,0,0,fi,stage-a-v1,passed,117,long,1,0,suspected,suspected,diagnosed,ADHD suspected / autism suspected,1,1,1,19,1,1
313,1,1,1,0,1,1,2,1,0,0,0,2,2,1,2,1,1,0,3,4,3,3,3,1,0,0,fi,stage-a-v1,passed,129,custom,1,0,no,no,no,ADHD no / autism no,0,0,0,7,0,0
314,3,3,7,2,3,0,2,2,1,3,2,2,3,2,2,3,1,0,3,4,2,2,1,,0,0,fi,stage-a-v1,passed,400,short,1,1,no,suspected,suspected,ADHD no / autism suspected,1,1,1,11,1,0
315,2,4,7,1,3,0,0,1,1,4,4,4,4,4,4,4,3,2,2,4,1,0,2,0,0,0,fi,stage-a-v1,passed,127,long,1,0,suspected,suspected,diagnosed,ADHD suspected / autism suspected,1,0,1,21,1,1
316,2,4,7,1,1,0,0,1,1,2,1,4,2,2,2,2,3,2,3,4,3,3,3,0,0,0,fi,stage-a-v1,passed,129,short,1,0,no,no,no,ADHD no / autism no,1,0,1,13,1,0
317,3,4,8,3,4,0,0,2,2,4,4,4,2,3,3,3,3,3,0,0,2,3,1,0,0,0,fi,stage-a-v1,passed,153,long,0,0,diagnosed,suspected,no,ADHD diagnosed / autism suspected,1,1,1,17,1,1
318,1,2,6,0,2,0,1,3,2,1,0,3,3,1,3,4,4,1,1,4,3,0,1,0,0,0,fi,stage-a-v1,passed,126,short,1,1,suspected,no,diagnosed,ADHD suspected / autism no,0,0,1,16,1,1
319,2,2,5,1,1,0,1,2,2,2,2,2,3,2,3,2,3,4,0,2,2,0,2,0,0,0,fi,stage-a-v1,passed,254,short,1,0,diagnosed,suspected,diagnosed,ADHD diagnosed / autism suspected,0,0,1,17,1,1
320,3,3,9,1,3,0,3,1,1,3,3,3,3,3,3,3,2,2,0,0,2,0,2,0,0,0,fi,stage-a-v1,passed,105,long,0,0,diagnosed,suspected,diagnosed,ADHD diagnosed / autism suspected,1,1,1,16,1,1
321,2,2,5,0,1,0,2,2,2,3,1,2,3,2,1,4,4,3,2,4,3,3,1,0,0,0,fi,stage-a-v1,passed,213,short,1,0,suspected,no,no,ADHD suspected / autism no,0,0,1,17,1,1
322,4,4,9,3,3,0,0,3,3,4,4,4,4,4,4,4,4,4,0,2,2,0,3,0,0,0,fi,stage-a-v1,passed,126,short,1,1,diagnosed,suspected,diagnosed,ADHD diagnosed / autism suspected,1,1,1,24,1,1
323,2,1,3,2,1,1,1,2,1,2,1,2,2,1,2,1,2,1,3,4,3,3,,,0,0,,stage-a-v1,passed,190,long,1,1,no,no,no,ADHD no / autism no,0,0,0,9,0,0
324,3,4,8,2,3,0,2,2,3,3,2,4,2,2,3,4,3,2,2,4,0,1,4,0,0,0,fi,stage-a-v1,passed,180,custom,1,1,suspected,diagnosed,suspected,ADHD suspected / autism diagnosed,1,1,1,16,1,1
325,3,3,5,3,3,0,1,3,3,2,3,4,2,3,3,2,4,4,0,0,2,3,1,1,0,0,fi,stage-a-v1,passed,76,short,0,0,diagnosed,suspected,no,ADHD diagnosed / autism suspected,1,1,1,18,1,1
326,3,4,8,3,3,0,2,3,2,4,2,4,4,4,4,4,4,2,0,2,0,2,3,0,0,0,fi,stage-a-v1,passed,109,short,1,0,diagnosed,diagnosed,suspected,ADHD diagnosed / autism diagnosed,1,1,1,22,1,1
327,2,0,2,1,1,1,0,3,1,2,1,1,2,2,1,4,4,4,2,4,2,0,1,,0,0,fi,stage-a-v1,passed,199,long,0,0,suspected,suspected,diagnosed,ADHD suspected / autism suspected,0,0,0,17,1,1
328,0,3,3,2,3,0,0,0,4,1,2,4,2,1,1,3,2,2,3,4,2,2,3,0,0,0,fi,stage-a-v1,passed,176,short,0,0,no,suspected,suspected,ADHD no / autism suspected,1,0,1,11,0,0
329,1,3,5,0,1,0,3,0,4,1,3,4,3,1,1,2,3,1,0,0,0,0,1,0,0,0,fi,stage-a-v1,passed,117,custom,1,0,diagnosed,diagnosed,diagnosed,ADHD diagnosed / autism diagnosed,1,0,1,11,0,0
330,4,4,9,4,4,0,1,1,1,4,4,4,3,3,1,3,4,2,2,4,2,3,3,1,0,0,fi,stage-a-v1,passed,247,long,0,0,suspected,suspected,no,ADHD suspected / autism suspected,1,1,1,16,1,1
331,1,1,1,0,1,0,1,1,2,1,1,2,2,1,3,2,4,3,2,4,2,3,2,1,0,0,fi,stage-a-v1,passed,146,short,1,1,suspected,suspected,no,ADHD suspected / autism suspected,0,0,1,15,1,1
332,3,3,8,2,2,0,1,3,3,4,2,4,4,4,4,4,4,1,0,2,2,2,2,1,0,0,fi,stage-a-v1,passed,172,custom,0,0,diagnosed,suspected,suspected,ADHD diagnosed / autism suspected,1,1,1,21,1,1
333,4,4,7,3,3,0,0,2,2,3,3,4,4,2,2,4,4,4,0,0,2,0,4,0,0,0,fi,stage-a-v1,passed,92,long,1,0,diagnosed,suspected,diagnosed,ADHD diagnosed / autism suspected,1,1,1,20,1,1
334,3,4,8,1,4,0,0,3,2,3,2,4,4,3,3,3,4,3,2,4,2,3,3,0,0,0,fi,stage-a-v1,passed,157,short,1,0,suspected,suspected,no,ADHD suspected / autism suspected,1,1,1,20,1,1
335,4,4,10,3,3,0,0,3,2,4,3,4,4,4,4,4,3,2,0,3,2,0,2,0,0,0,fi,stage-a-v1,passed,489,long,0,0,diagnosed,suspected,diagnosed,ADHD diagnosed / autism suspected,1,1,1,21,1,1
336,4,4,8,3,3,1,3,3,2,3,3,4,3,3,3,3,3,2,0,0,2,0,3,1,0,0,fi,stage-a-v1,passed,171,short,1,0,diagnosed,suspected,diagnosed,ADHD diagnosed / autism suspected,1,1,1,17,1,1
337,3,3,9,3,3,0,1,1,1,3,1,4,2,0,1,1,2,2,3,4,2,2,3,0,0,0,fi,stage-a-v1,passed,137,short,1,0,no,suspected,suspected,ADHD no / autism suspected,1,1,1,8,0,0
338,4,4,8,3,2,0,0,2,3,4,2,3,4,3,3,3,2,2,0,0,2,0,1,,0,0,fi,stage-a-v1,passed,176,short,1,0,diagnosed,suspected,diagnosed,ADHD diagnosed / autism suspected,1,1,1,17,1,1
339,4,4,8,0,1,0,2,1,2,4,0,4,4,2,1,3,3,0,3,4,0,0,1,0,0,0,fi,stage-a-v1,passed,162,custom,0,0,no,diagnosed,diagnosed,ADHD no / autism diagnosed,1,1,1,13,1,0
340,2,0,3,1,1,1,3,1,1,1,1,2,3,3,3,2,3,3,2,4,3,2,2,0,0,0,fi,stage-a-v1,passed,161,long,1,0,suspected,no,suspected,ADHD suspected / autism no,0,0,0,17,1,1
341,0,1,1,1,2,1,3,3,2,1,1,3,2,2,2,3,1,1,1,0,3,3,,,0,0,,stage-a-v1,passed,466,long,0,1,suspected,no,no,ADHD suspected / autism no,0,0,0,11,1,0
342,1,3,7,1,2,0,3,0,2,2,1,4,2,1,1,3,0,1,2,4,2,3,2,0,0,0,fi,stage-a-v1,passed,112,short,0,0,suspected,suspected,no,ADHD suspected / autism suspected,1,0,1,8,0,0
343,3,4,9,3,2,0,3,0,2,3,1,4,4,3,3,4,2,2,2,4,2,0,0,0,0,0,fi,stage-a-v1,passed,161,long,1,0,suspected,suspected,diagnosed,ADHD suspected / autism suspected,1,1,1,18,1,1
344,4,4,10,3,3,0,1,3,4,4,3,4,4,2,3,4,4,4,2,2,2,0,4,0,0,0,fi,stage-a-v1,passed,128,short,1,1,suspected,suspected,diagnosed,ADHD suspected / autism suspected,1,1,1,21,1,1
345,1,2,1,1,3,0,4,2,2,1,1,2,3,3,1,3,4,3,2,4,3,2,1,1,0,0,fi,stage-a-v1,passed,223,short,1,0,suspected,no,suspected,ADHD suspected / autism no,0,0,1,17,1,1
346,3,3,7,2,3,0,1,2,3,4,3,3,3,3,3,3,4,4,0,0,0,0,3,0,0,0,fi,stage-a-v1,passed,184,short,1,1,diagnosed,diagnosed,diagnosed,ADHD diagnosed / autism diagnosed,1,1,1,20,1,1
347,2,3,7,2,2,0,1,1,2,2,1,3,3,3,3,3,4,3,2,4,3,3,2,0,0,0,fi,stage-a-v1,passed,168,long,1,0,suspected,no,no,ADHD suspected / autism no,1,0,1,19,1,1
348,3,3,8,2,2,0,1,3,3,3,2,2,4,3,3,4,4,4,0,2,0,2,1,0,0,0,fi,stage-a-v1,passed,120,short,1,1,diagnosed,diagnosed,suspected,ADHD diagnosed / autism diagnosed,1,1,1,22,1,1
349,3,3,6,1,2,0,1,2,1,4,3,3,4,2,1,4,1,3,3,4,3,3,4,0,0,0,fi,stage-a-v1,passed,135,short,1,1,no,no,no,ADHD no / autism no,1,1,1,15,1,1
350,2,3,4,0,1,0,2,1,2,2,0,4,0,0,0,0,0,1,3,4,3,3,1,0,0,0,fi,stage-a-v1,passed,164,short,1,0,no,no,no,ADHD no / autism no,1,0,1,1,0,0
351,1,1,1,0,0,1,4,3,1,0,0,0,2,2,2,1,3,1,3,4,3,3,1,1,0,0,fi,stage-a-v1,passed,160,long,1,0,no,no,no,ADHD no / autism no,0,0,0,11,1,0
352,4,3,7,3,2,1,1,2,3,2,2,2,4,3,4,4,2,2,0,0,3,2,2,1,0,0,fi,stage-a-v1,passed,253,custom,0,0,diagnosed,no,suspected,ADHD diagnosed / autism no,1,1,1,19,1,1
353,4,4,10,4,4,0,0,3,4,4,4,4,4,4,4,4,4,4,0,2,2,0,1,0,0,0,fi,stage-a-v1,passed,141,short,1,0,diagnosed,suspected,diagnosed,ADHD diagnosed / autism suspected,1,1,1,24,1,1
354,4,4,10,3,4,0,0,3,3,3,3,4,3,2,4,3,2,3,3,3,3,3,,1,0,0,fi,stage-a-v1,passed,121,short,0,0,no,no,no,ADHD no / autism no,1,1,1,17,1,1
355,4,4,9,2,2,0,1,2,4,3,3,4,1,1,3,3,3,1,3,4,0,3,3,0,0,0,fi,stage-a-v1,passed,227,custom,1,0,no,diagnosed,no,ADHD no / autism diagnosed,1,1,1,12,0,0
356,2,2,7,1,1,0,0,4,1,2,1,3,2,2,1,1,1,1,3,4,3,3,2,0,0,0,fi,stage-a-v1,passed,83,short,0,0,no,no,no,ADHD no / autism no,1,0,1,8,0,0
357,2,2,4,2,2,1,1,2,1,1,1,2,3,3,1,2,0,1,3,4,2,3,3,1,0,0,fi,stage-a-v1,passed,439,custom,1,1,no,suspected,no,ADHD no / autism suspected,0,0,0,10,0,0
358,2,4,8,2,2,0,2,2,1,2,2,4,2,2,2,2,3,3,2,4,2,2,2,0,0,0,fi,stage-a-v1,passed,122,custom,1,0,suspected,suspected,suspected,ADHD suspected / autism suspected,1,0,1,14,1,1
359,0,0,0,1,2,0,2,2,1,1,1,1,2,2,2,2,2,2,2,3,3,3,2,1,0,0,fi,stage-a-v1,passed,146,short,1,0,suspected,no,no,ADHD suspected / autism no,0,0,1,12,0,0
360,2,1,2,0,1,1,1,2,2,2,1,2,3,2,1,2,1,0,0,2,3,3,2,1,0,0,fi,stage-a-v1,passed,182,short,1,0,diagnosed,no,no,ADHD diagnosed / autism no,0,0,0,9,0,0
361,1,1,1,1,1,1,3,2,1,0,0,2,3,3,2,2,3,3,2,4,2,3,3,1,0,0,fi,stage-a-v1,passed,128,short,0,0,suspected,suspected,no,ADHD suspected / autism suspected,0,0,0,16,1,1
362,0,0,0,2,0,1,0,4,4,0,0,0,0,0,0,0,0,0,2,3,2,0,2,0,0,0,fi,stage-a-v1,unavailable,177,long,1,0,suspected,suspected,diagnosed,ADHD suspected / autism suspected,0,0,0,0,0,0
363,2,2,2,1,1,1,3,3,2,2,1,1,2,2,2,4,4,4,0,3,2,0,2,,0,0,fi,stage-a-v1,passed,225,long,1,0,diagnosed,suspected,diagnosed,ADHD diagnosed / autism suspected,0,0,0,18,1,1
364,1,0,2,1,1,1,1,0,1,0,0,3,1,1,0,1,0,0,3,4,3,3,3,1,0,0,fi,stage-a-v1,passed,209,short,1,1,no,no,no,ADHD no / autism no,0,0,0,3,0,0
365,4,4,9,3,3,0,0,2,2,4,4,4,4,2,3,4,4,2,0,2,2,0,2,0,0,0,fi,stage-a-v1,passed,316,custom,1,0,diagnosed,suspected,diagnosed,ADHD diagnosed / autism suspected,1,1,1,19,1,1
366,2,2,4,2,2,1,1,1,1,2,2,1,2,2,2,2,4,3,2,2,3,3,,1,0,1,fi,stage-a-v1,passed,132,short,1,0,suspected,no,no,ADHD suspected / autism no,0,0,0,15,1,1
367,4,4,8,2,3,0,0,3,1,4,1,4,3,1,3,2,4,3,0,2,3,0,3,0,0,0,fi,stage-a-v1,passed,164,short,0,0,diagnosed,no,diagnosed,ADHD diagnosed / autism no,1,1,1,16,1,1
368,3,3,9,1,1,0,0,3,3,4,3,4,3,2,3,4,2,2,2,4,2,2,3,0,0,0,fi,stage-a-v1,passed,199,long,1,0,suspected,suspected,suspected,ADHD suspected / autism suspected,1,1,1,16,1,1
369,2,2,3,2,2,1,0,4,2,2,3,4,4,4,1,3,2,2,3,4,3,3,2,1,0,0,fi,stage-a-v1,passed,118,short,1,1,no,no,no,ADHD no / autism no,0,0,0,16,0,1
370,3,3,9,3,2,0,0,1,1,3,1,4,3,1,0,2,3,2,3,4,3,2,2,0,0,0,fi,stage-a-v1,passed,150,short,0,0,no,no,suspected,ADHD no / autism no,1,1,1,11,0,0
371,2,1,7,3,3,1,0,1,2,4,3,4,3,1,1,4,4,3,2,4,3,0,2,0,0,0,fi,stage-a-v1,passed,196,custom,1,1,suspected,no,diagnosed,ADHD suspected / autism no,1,0,1,16,1,1
372,4,4,8,1,2,0,1,3,2,4,1,4,1,1,0,3,1,0,3,4,0,2,,1,0,0,fi,stage-a-v1,passed,172,long,0,0,no,diagnosed,suspected,ADHD no / autism diagnosed,1,1,1,6,0,0
373,4,4,9,3,3,0,0,4,2,4,4,4,4,3,0,4,3,2,1,4,1,0,1,0,0,0,fi,stage-a-v1,passed,108,short,1,0,suspected,suspected,diagnosed,ADHD suspected / autism suspected,1,1,1,16,1,1
374,2,2,3,1,2,0,3,2,3,2,2,2,3,3,3,4,4,3,0,2,2,0,3,0,0,0,fi,stage-a-v1,passed,179,short,1,0,diagnosed,suspected,diagnosed,ADHD diagnosed / autism suspected,0,0,1,20,1,1
375,2,3,6,0,1,0,1,2,1,2,1,4,3,3,3,4,2,1,2,4,2,0,3,0,0,0,fi,stage-a-v1,passed,307,custom,1,1,suspected,suspected,diagnosed,ADHD suspected / autism suspected,1,0,1,16,1,1
376,2,3,3,0,0,0,3,1,0,1,0,4,4,2,2,4,4,2,2,4,3,3,1,1,0,0,fi,stage-a-v1,passed,333,short,1,0,suspected,no,no,ADHD suspected / autism no,1,0,1,18,1,1
377,1,2,7,0,2,0,3,2,1,1,2,3,2,1,2,2,2,1,3,4,3,3,3,0,0,0,fi,stage-a-v1,passed,164,long,1,0,no,no,no,ADHD no / autism no,1,0,1,10,0,0
378,3,4,9,3,2,0,4,4,3,4,3,4,3,3,1,2,2,2,0,0,0,3,3,0,0,0,fi,stage-a-v1,passed,91,short,1,1,diagnosed,diagnosed,no,ADHD diagnosed / autism diagnosed,1,1,1,13,0,0
379,4,4,8,2,2,0,3,2,4,4,4,3,4,4,2,4,4,3,1,4,3,0,0,0,0,0,fi,stage-a-v1,passed,109,short,1,0,suspected,no,diagnosed,ADHD suspected / autism no,1,1,1,21,1,1
380,2,2,4,0,0,1,3,1,3,1,2,4,4,2,1,2,4,4,2,4,2,0,,,0,0,fi,stage-a-v1,passed,170,long,1,0,suspected,suspected,diagnosed,ADHD suspected / autism suspected,0,0,0,17,1,1
381,3,3,8,3,4,0,1,4,4,4,4,4,4,3,4,3,3,3,0,2,2,0,1,0,0,0,fi,stage-a-v1,passed,124,short,0,1,diagnosed,suspected,diagnosed,ADHD diagnosed / autism suspected,1,1,1,20,1,1
382,1,2,2,0,1,0,3,1,2,1,1,3,3,2,2,2,2,1,2,4,3,3,3,1,0,0,fi,stage-a-v1,passed,134,short,1,0,suspected,no,no,ADHD suspected / autism no,0,0,1,12,0,0
383,2,3,7,2,3,0,2,3,3,2,2,3,3,1,0,3,4,3,3,4,2,2,1,0,0,0,fi,stage-a-v1,passed,143,short,1,0,no,suspected,suspected,ADHD no / autism suspected,1,0,1,14,1,1
384,0,0,0,0,1,1,1,3,1,0,0,2,0,0,0,1,1,1,3,4,3,3,3,0,0,0,fi,stage-a-v1,passed,131,short,1,0,no,no,no,ADHD no / autism no,0,0,0,3,0,0
385,3,3,7,1,2,0,1,1,1,3,2,3,2,2,2,3,3,2,3,3,2,0,1,1,0,0,fi,stage-a-v1,passed,250,short,0,0,no,suspected,diagnosed,ADHD no / autism suspected,1,1,1,14,1,1
386,3,3,8,2,1,0,3,4,3,3,3,2,3,3,1,3,4,3,3,4,3,3,3,0,0,0,fi,stage-a-v1,passed,202,long,1,1,no,no,no,ADHD no / autism no,1,1,1,17,1,1
387,2,3,8,2,3,0,1,2,2,3,2,4,3,3,3,2,2,3,2,4,2,2,2,0,0,0,fi,stage-a-v1,passed,109,custom,0,0,suspected,suspected,suspected,ADHD suspected / autism suspected,1,0,1,16,1,1
388,3,3,7,2,2,0,0,1,2,3,1,4,3,4,0,3,3,3,2,4,3,2,3,1,0,0,fi,stage-a-v1,passed,275,long,1,0,suspected,no,suspected,ADHD suspected / autism no,1,1,1,16,1,1
389,2,2,3,1,2,0,4,4,2,2,1,0,4,3,2,4,4,4,0,3,2,0,1,0,0,0,fi,stage-a-v1,passed,112,short,1,0,diagnosed,suspected,diagnosed,ADHD diagnosed / autism suspected,0,0,1,21,1,1
390,2,2,5,2,2,0,1,2,2,2,1,2,2,2,2,2,3,2,2,4,2,3,1,0,0,0,fi,stage-a-v1,passed,116,short,1,1,suspected,suspected,no,ADHD suspected / autism suspected,0,0,1,13,1,0
391,4,4,9,2,4,0,1,0,3,4,4,4,1,0,0,2,2,1,3,4,1,0,1,0,0,0,fi,stage-a-v1,passed,149,short,0,0,no,suspected,diagnosed,ADHD no / autism suspected,1,1,1,6,0,0
392,2,3,5,1,2,0,3,2,1,2,1,4,3,2,0,2,2,2,3,4,3,3,0,0,0,0,fi,stage-a-v1,passed,151,custom,1,1,no,no,no,ADHD no / autism no,1,0,1,11,0,0
393,4,4,8,3,3,0,1,1,3,4,3,4,3,2,1,2,3,3,0,3,0,0,2,0,0,0,fi,stage-a-v1,passed,116,short,1,0,diagnosed,diagnosed,diagnosed,ADHD diagnosed / autism diagnosed,1,1,1,14,1,1
394,4,4,9,3,3,0,2,1,3,3,3,3,4,3,3,4,3,3,2,4,2,2,2,0,0,0,fi,stage-a-v1,passed,191,short,1,1,suspected,suspected,suspected,ADHD suspected / autism suspected,1,1,1,20,1,1
395,3,3,9,1,2,0,1,3,2,4,3,2,4,4,3,4,4,2,0,0,2,0,4,0,0,0,fi,stage-a-v1,passed,222,short,1,0,diagnosed,suspected,diagnosed,ADHD diagnosed / autism suspected,1,1,1,21,1,1
396,4,4,7,3,4,0,0,2,2,4,4,4,0,0,1,2,3,3,0,2,2,3,2,0,0,0,fi,stage-a-v1,passed,107,short,0,0,diagnosed,suspected,no,ADHD diagnosed / autism suspected,1,1,1,9,0,0
397,4,3,8,3,3,0,1,2,3,4,2,4,2,2,2,3,4,2,2,4,3,0,4,0,0,0,fi,stage-a-v1,passed,142,long,1,0,suspected,no,diagnosed,ADHD suspected / autism no,1,1,1,15,1,1
398,3,3,8,2,2,0,1,2,3,2,3,3,3,4,2,3,2,2,0,2,2,2,2,0,0,0,fi,stage-a-v1,passed,105,custom,1,1,diagnosed,suspected,suspected,ADHD diagnosed / autism suspected,1,1,1,16,1,1
399,3,3,8,0,3,0,2,2,1,3,2,3,3,3,2,3,3,2,2,4,2,2,3,0,0,0,fi,stage-a-v1,passed,336,short,1,1,suspected,suspected,suspected,ADHD suspected / autism suspected,1,1,1,16,1,1
400,4,4,10,3,3,0,0,3,4,4,4,4,4,2,3,3,3,2,0,0,0,0,3,0,0,0,fi,stage-a-v1,passed,122,short,0,0,diagnosed,diagnosed,diagnosed,ADHD diagnosed / autism diagnosed,1,1,1,17,1,1
401,1,1,3,1,3,1,4,3,2,0,2,2,4,4,2,4,2,3,0,2,0,2,0,0,0,0,fi,stage-a-v1,passed,380,long,1,0,diagnosed,diagnosed,suspected,ADHD diagnosed / autism diagnosed,0,0,1,19,1,1
402,4,4,9,0,2,0,1,2,2,4,2,4,0,1,0,2,2,0,3,4,0,0,2,0,0,0,fi,stage-a-v1,passed,124,short,0,0,no,diagnosed,diagnosed,ADHD no / autism diagnosed,1,1,1,5,0,0
403,4,4,10,1,4,0,2,3,4,4,4,4,4,3,3,4,4,3,2,4,0,0,0,0,0,0,fi,stage-a-v1,passed,95,short,0,0,suspected,diagnosed,diagnosed,ADHD suspected / autism diagnosed,1,1,1,21,1,1
404,3,3,8,1,3,0,1,2,2,4,2,4,3,3,3,3,3,2,0,0,2,0,1,,0,0,fi,stage-a-v1,passed,137,long,0,0,diagnosed,suspected,diagnosed,ADHD diagnosed / autism suspected,1,1,1,17,1,1
405,3,3,8,3,3,0,0,1,1,4,2,2,3,3,3,1,4,4,0,2,0,3,3,0,0,0,fi,stage-a-v1,passed,126,long,0,0,diagnosed,diagnosed,no,ADHD diagnosed / autism diagnosed,1,1,1,18,1,1
406,4,4,8,3,3,0,3,2,3,4,3,4,2,1,2,2,1,2,3,4,1,2,2,1,0,0,fi,stage-a-v1,passed,137,short,1,0,no,suspected,suspected,ADHD no / autism suspected,1,1,1,10,0,0
407,2,4,9,2,3,0,2,2,3,2,2,4,4,3,2,3,3,3,0,2,0,0,1,0,0,0,fi,stage-a-v1,passed,140,custom,1,0,diagnosed,diagnosed,diagnosed,ADHD diagnosed / autism diagnosed,1,0,1,18,1,1
408,2,2,3,1,0,1,1,1,1,1,0,1,2,1,1,1,2,1,2,4,3,3,2,0,0,0,fi,stage-a-v1,passed,180,short,1,0,suspected,no,no,ADHD suspected / autism no,0,0,0,8,0,0
409,4,0,3,0,0,1,0,3,0,2,0,3,1,0,1,0,1,1,3,4,3,3,,,,0,,stage-a-v1,passed,220,short,1,1,no,no,no,ADHD no / autism no,1,0,0,4,0,0
410,4,4,9,2,3,0,1,1,2,2,1,4,3,2,1,4,3,1,0,3,0,2,3,0,0,0,fi,stage-a-v1,passed,221,long,0,0,diagnosed,diagnosed,suspected,ADHD diagnosed / autism diagnosed,1,1,1,14,1,1
411,2,4,8,1,3,0,2,4,3,0,3,4,4,4,1,4,2,3,0,0,0,0,0,0,0,0,fi,stage-a-v1,passed,213,short,1,1,diagnosed,diagnosed,diagnosed,ADHD diagnosed / autism diagnosed,1,0,1,18,1,1
412,3,4,9,2,1,0,0,3,3,3,3,4,4,3,2,3,4,3,2,4,2,2,3,0,0,0,fi,stage-a-v1,passed,191,short,0,0,suspected,suspected,suspected,ADHD suspected / autism suspected,1,1,1,19,1,1
413,4,4,7,2,2,0,0,3,0,3,1,4,0,0,0,1,1,1,3,4,2,2,1,0,0,0,fi,stage-a-v1,passed,103,custom,1,0,no,suspected,suspected,ADHD no / autism suspected,1,1,1,3,0,0
414,2,2,3,1,2,1,1,2,2,2,1,2,2,2,2,2,3,2,2,4,2,3,,,0,0,fi,stage-a-v1,passed,221,long,0,0,suspected,suspected,no,ADHD suspected / autism suspected,0,0,0,13,1,0
415,3,4,8,2,3,0,3,3,4,3,3,4,3,3,2,3,3,1,0,2,0,0,2,0,0,0,fi,stage-a-v1,passed,219,short,0,0,diagnosed,diagnosed,diagnosed,ADHD diagnosed / autism diagnosed,1,1,1,15,1,1
416,2,3,7,2,2,0,1,3,1,1,1,4,1,1,2,2,1,0,3,4,3,3,,1,0,0,fi,stage-a-v1,passed,146,short,1,0,no,no,no,ADHD no / autism no,1,0,1,7,0,0
417,4,3,8,3,3,1,0,3,1,4,2,3,4,2,3,2,4,4,1,4,1,0,2,0,0,0,fi,stage-a-v1,passed,274,custom,0,0,suspected,suspected,diagnosed,ADHD suspected / autism suspected,1,1,1,19,1,1
418,3,4,8,2,2,0,0,3,3,4,2,3,4,4,4,4,4,4,0,2,0,3,1,0,0,0,fi,stage-a-v1,passed,88,short,1,1,diagnosed,diagnosed,no,ADHD diagnosed / autism diagnosed,1,1,1,24,1,1
419,2,3,8,0,2,0,3,1,3,3,3,3,2,1,1,1,1,0,3,4,2,3,2,0,0,0,fi,stage-a-v1,passed,183,short,1,0,no,suspected,no,ADHD no / autism suspected,1,0,1,6,0,0
420,3,3,8,3,3,0,1,3,3,3,3,4,3,3,3,3,4,3,0,3,2,0,2,0,0,0,fi,stage-a-v1,passed,90,short,1,1,diagnosed,suspected,diagnosed,ADHD diagnosed / autism suspected,1,1,1,19,1,1
421,0,2,1,0,0,0,3,3,3,2,0,0,4,3,2,3,2,3,2,4,2,3,,,,0,,stage-a-v1,passed,178,short,1,0,suspected,suspected,no,ADHD suspected / autism suspected,0,0,1,17,1,1
422,4,4,10,4,4,0,0,0,4,4,4,4,4,4,2,4,4,4,0,3,2,0,2,0,0,0,fi,stage-a-v1,passed,256,custom,1,1,diagnosed,suspected,diagnosed,ADHD diagnosed / autism suspected,1,1,1,22,1,1
423,4,4,9,1,3,0,1,0,1,2,2,4,2,2,2,3,2,1,1,4,1,1,4,0,0,0,fi,stage-a-v1,passed,203,short,1,0,suspected,suspected,suspected,ADHD suspected / autism suspected,1,1,1,12,1,0
424,2,2,5,2,2,0,1,3,3,3,2,2,3,3,4,4,2,3,0,3,3,0,2,0,0,0,fi,stage-a-v1,passed,164,long,1,1,diagnosed,no,diagnosed,ADHD diagnosed / autism no,0,0,1,19,1,1
425,3,3,9,3,3,0,0,3,3,3,4,4,3,3,2,4,3,2,0,0,2,2,2,0,0,0,fi,stage-a-v1,passed,89,short,0,0,diagnosed,suspected,suspected,ADHD diagnosed / autism suspected,1,1,1,17,1,1
426,3,2,6,1,1,1,2,2,2,4,2,2,3,1,3,4,4,4,0,2,2,3,2,0,0,0,fi,stage-a-v1,passed,114,long,1,0,diagnosed,suspected,no,ADHD diagnosed / autism suspected,1,0,0,19,1,1
427,4,2,8,2,3,0,1,1,1,3,2,4,0,0,0,1,1,0,3,4,3,1,3,0,0,0,fi,stage-a-v1,passed,141,short,1,0,no,no,suspected,ADHD no / autism no,1,0,1,2,0,0
428,1,1,1,0,1,1,4,1,0,0,0,2,1,1,1,1,2,2,3,4,3,3,3,1,0,0,fi,stage-a-v1,passed,154,long,0,1,no,no,no,ADHD no / autism no,0,0,0,8,0,0
429,0,2,5,1,1,1,3,3,2,3,2,2,2,1,4,2,4,4,0,1,2,3,0,0,0,0,fi,stage-a-v1,passed,133,short,1,0,diagnosed,suspected,no,ADHD diagnosed / autism suspected,0,0,0,17,1,1
430,3,4,10,3,2,0,2,3,2,4,3,4,2,1,2,3,3,4,2,4,3,2,1,0,0,0,fi,stage-a-v1,passed,196,long,1,0,suspected,no,suspected,ADHD suspected / autism no,1,1,1,15,1,1
431,3,4,7,2,2,0,1,1,0,3,1,4,1,1,1,2,1,1,3,4,3,0,2,0,0,0,fi,stage-a-v1,passed,160,long,1,1,no,no,diagnosed,ADHD no / autism no,1,1,1,7,0,0
432,3,4,7,1,2,0,0,1,1,2,1,4,4,3,2,4,2,3,0,0,3,3,1,0,0,0,fi,stage-a-v1,passed,95,long,1,0,diagnosed,no,no,ADHD diagnosed / autism no,1,1,1,18,1,1
433,2,3,6,1,2,0,1,2,2,2,2,3,2,3,2,3,4,1,3,4,2,0,3,1,0,0,fi,stage-a-v1,unavailable,204,short,1,1,no,suspected,diagnosed,ADHD no / autism suspected,1,0,1,15,1,1
434,1,2,3,0,0,1,1,3,3,2,1,3,1,1,1,2,2,4,2,1,3,3,2,0,0,0,fi,stage-a-v1,passed,160,custom,1,1,suspected,no,no,ADHD suspected / autism no,0,0,0,11,0,0
435,4,4,10,1,2,0,0,3,3,3,3,4,2,1,2,2,4,4,0,2,3,3,2,1,0,0,fi,stage-a-v1,passed,111,short,1,0,diagnosed,no,no,ADHD diagnosed / autism no,1,1,1,15,1,1
436,2,3,7,0,1,0,1,2,2,3,1,4,2,2,3,3,4,4,0,0,0,0,0,0,0,0,fi,stage-a-v1,passed,183,short,0,0,diagnosed,diagnosed,diagnosed,ADHD diagnosed / autism diagnosed,1,0,1,18,1,1
437,3,3,7,2,2,0,1,0,2,3,0,4,4,4,1,3,4,2,0,2,2,0,3,0,0,0,fi,stage-a-v1,passed,265,long,0,0,diagnosed,suspected,diagnosed,ADHD diagnosed / autism suspected,1,1,1,18,1,1
438,0,0,1,0,0,1,3,0,0,0,0,0,3,3,3,3,4,3,0,1,3,2,2,1,0,0,fi,stage-a-v1,passed,139,long,0,0,diagnosed,no,suspected,ADHD diagnosed / autism no,0,0,0,19,1,1
439,1,1,1,0,1,1,1,2,0,0,1,2,2,1,1,1,1,1,3,4,3,3,2,0,0,0,fi,stage-a-v1,passed,245,custom,1,1,no,no,no,ADHD no / autism no,0,0,0,7,0,0
440,2,3,7,0,2,0,1,2,0,2,0,3,2,1,0,2,3,1,3,4,3,2,2,,0,0,fi,stage-a-v1,passed,127,short,1,0,no,no,suspected,ADHD no / autism no,1,0,1,9,0,0
441,2,3,8,3,3,1,0,2,3,2,1,4,2,2,2,3,2,1,3,4,2,2,3,1,0,0,fi,stage-a-v1,passed,141,short,1,1,no,suspected,suspected,ADHD no / autism suspected,1,0,1,12,1,0
442,4,4,9,3,3,0,1,3,3,4,3,4,4,3,2,4,4,3,0,0,2,0,1,0,0,0,fi,stage-a-v1,passed,83,long,1,0,diagnosed,suspected,diagnosed,ADHD diagnosed / autism suspected,1,1,1,20,1,1
443,3,3,8,2,2,0,0,3,3,4,4,4,2,2,1,2,4,2,3,4,2,3,2,0,0,0,fi,stage-a-v1,passed,168,short,1,0,no,suspected,no,ADHD no / autism suspected,1,1,1,13,0,0
444,4,4,9,2,1,0,1,3,2,4,3,4,2,1,1,2,4,4,2,3,2,2,2,0,0,0,fi,stage-a-v1,passed,104,long,0,0,suspected,suspected,suspected,ADHD suspected / autism suspected,1,1,1,14,0,1
445,3,3,8,2,1,0,1,1,0,2,0,4,2,2,2,3,3,3,2,4,3,2,2,0,0,0,fi,stage-a-v1,passed,182,long,1,0,suspected,no,suspected,ADHD suspected / autism no,1,1,1,15,1,1
446,4,4,8,2,2,0,1,2,2,3,3,4,4,4,4,4,4,1,2,4,2,3,,,0,0,fi,stage-a-v1,passed,99,long,0,0,suspected,suspected,no,ADHD suspected / autism suspected,1,1,1,21,1,1
447,3,3,8,2,3,0,1,3,3,4,3,4,3,3,2,3,3,2,0,2,3,0,3,0,0,0,fi,stage-a-v1,passed,238,long,1,1,diagnosed,no,diagnosed,ADHD diagnosed / autism no,1,1,1,16,1,1
448,2,2,7,1,2,0,3,0,2,0,1,2,3,3,2,4,2,1,3,4,3,2,2,1,0,0,fi,stage-a-v1,passed,176,short,0,0,no,no,suspected,ADHD no / autism no,1,0,1,15,1,1
449,4,4,10,4,4,1,0,2,3,4,4,4,4,4,4,4,4,4,1,0,2,0,2,0,0,0,fi,stage-a-v1,passed,278,custom,1,1,suspected,suspected,diagnosed,ADHD suspected / autism suspected,1,1,1,24,1,1
450,1,1,2,1,1,1,2,2,1,1,1,1,3,2,1,2,1,2,2,4,3,2,2,1,0,0,fi,stage-a-v1,passed,232,short,1,1,suspected,no,suspected,ADHD suspected / autism no,0,0,0,11,0,0
451,4,3,9,1,2,0,1,2,1,3,2,4,3,2,4,4,4,2,1,4,1,0,3,0,0,0,fi,stage-a-v1,passed,163,short,1,0,suspected,suspected,diagnosed,ADHD suspected / autism suspected,1,1,1,19,1,1
452,3,2,3,0,1,1,3,1,1,1,1,2,1,1,2,1,1,0,3,4,3,3,,,0,0,,stage-a-v1,passed,172,short,1,1,no,no,no,ADHD no / autism no,1,0,0,6,0,0
453,4,3,10,2,3,0,0,1,1,4,2,3,3,3,2,3,3,1,3,4,3,2,4,0,0,0,fi,stage-a-v1,passed,135,long,1,0,no,no,suspected,ADHD no / autism no,1,1,1,15,1,1
454,0,1,1,2,2,0,4,3,1,0,0,2,4,2,4,1,3,2,0,3,2,3,1,1,0,0,fi,stage-a-v1,passed,217,long,0,0,diagnosed,suspected,no,ADHD diagnosed / autism suspected,0,0,1,16,1,1
455,3,4,8,0,3,0,3,4,3,2,2,4,4,2,3,4,4,4,0,3,0,2,2,0,0,0,fi,stage-a-v1,passed,161,short,1,0,diagnosed,diagnosed,suspected,ADHD diagnosed / autism diagnosed,1,1,1,21,1,1
456,2,3,5,3,4,0,2,3,1,1,1,2,3,3,3,4,2,1,0,0,3,2,0,0,0,0,fi,stage-a-v1,passed,271,long,1,0,diagnosed,no,suspected,ADHD diagnosed / autism no,1,0,1,16,1,1
457,1,1,1,1,2,1,4,1,2,1,1,0,3,3,3,3,2,2,2,4,3,3,3,1,0,0,fi,stage-a-v1,passed,253,custom,1,1,suspected,no,no,ADHD suspected / autism no,0,0,0,16,1,1
458,4,4,8,2,3,0,3,0,0,4,2,4,4,2,3,2,3,0,0,0,2,2,,,,0,,stage-a-v1,passed,186,short,1,0,diagnosed,suspected,suspected,ADHD diagnosed / autism suspected,1,1,1,14,1,1
459,2,4,7,1,0,0,1,4,4,1,4,3,1,4,3,3,3,4,2,4,2,0,2,0,0,0,fi,stage-a-v1,passed,150,short,1,1,suspected,suspected,diagnosed,ADHD suspected / autism suspected,1,0,1,18,1,1
460,3,3,8,1,1,0,3,4,2,2,2,3,2,1,2,4,3,3,2,4,2,0,2,0,0,0,fi,stage-a-v1,passed,428,short,1,1,suspected,suspected,diagnosed,ADHD suspected / autism suspected,1,1,1,15,1,1
461,2,1,1,1,2,0,3,3,2,0,0,0,3,2,3,3,2,2,3,4,3,3,1,1,0,0,fi,stage-a-v1,passed,161,long,1,1,no,no,no,ADHD no / autism no,0,0,1,15,1,1
462,3,4,8,1,3,0,2,3,2,3,3,2,4,3,1,1,4,1,2,4,2,2,1,0,0,0,fi,stage-a-v1,passed,191,short,1,0,suspected,suspected,suspected,ADHD suspected / autism suspected,1,1,1,14,0,1
463,3,3,6,1,2,0,1,3,2,3,2,3,4,2,2,3,3,1,2,4,2,0,1,0,0,0,fi,stage-a-v1,passed,315,long,1,0,suspected,suspected,diagnosed,ADHD suspected / autism suspected,1,1,1,15,1,1
464,1,2,3,0,1,1,1,3,2,0,1,3,3,2,2,3,4,2,2,4,2,2,2,1,0,0,fi,stage-a-v1,passed,101,short,0,0,suspected,suspected,suspected,ADHD suspected / autism suspected,0,0,0,16,1,1
